id,first_name,last_name,email,gender,ip_address
1,Constantine,Creus,ccreus0@bravesites.com,Male,179.81.156.101
2,Torrin,Queste,tqueste1@hp.com,Male,212.224.120.18
3,Arley,Charles,acharles2@rakuten.co.jp,Male,17.161.14.152
4,Arnie,Inchcomb,ainchcomb3@naver.com,Male,194.252.176.227
5,Marni,Harefoot,mharefoot4@mashable.com,Female,83.68.190.190
6,Imojean,Somerfield,isomerfield5@goo.gl,Female,119.247.114.172
7,Clayborn,Antoniat,cantoniat6@prweb.com,Male,6.171.139.38
8,Ronny,MacLaverty,rmaclaverty7@usa.gov,Male,105.14.173.88
9,Adora,Stump,astump8@dmoz.org,Female,114.236.165.16
10,Shae,Lile,slile9@wordpress.org,Male,81.155.190.198
11,Amelina,Buer,abuera@1und1.de,Female,100.237.20.193
12,Clari,Wooles,cwoolesb@statcounter.com,Female,229.5.190.199
13,Sherill,Wintle,swintlec@hao123.com,Female,229.9.8.94
14,Chantalle,Behan,cbehand@networkadvertising.org,Female,209.103.131.36
15,Orton,Spellard,ospellarde@baidu.com,Male,125.195.122.9
16,Brunhilda,Roby,brobyf@myspace.com,Female,34.155.249.62
17,Myron,Peniello,mpeniellog@cloudflare.com,Male,126.36.114.54
18,Maxy,Guildford,mguildfordh@lulu.com,Male,68.165.180.49
19,Graeme,Klain,gklaini@4shared.com,Male,37.109.173.210
20,Larine,Buscombe,lbuscombej@stumbleupon.com,Female,92.30.138.32
21,Isabeau,Broomhall,ibroomhallk@mashable.com,Female,173.73.208.48
22,Andrea,Hicken,ahickenl@nba.com,Female,4.123.208.118
23,Harriet,Willox,hwilloxm@wikipedia.org,Female,182.26.249.127
24,Latisha,Busfield,lbusfieldn@seattletimes.com,Female,6.208.27.1
25,Belita,Moncrieffe,bmoncrieffeo@hibu.com,Female,255.243.51.120
26,Raddy,Farquarson,rfarquarsonp@epa.gov,Male,168.142.186.26
27,Mandi,Templman,mtemplmanq@tuttocitta.it,Female,43.141.207.102
28,Marlin,Alvar,malvarr@usnews.com,Male,50.49.103.245
29,Tracee,Tolliday,ttollidays@patch.com,Female,119.27.133.212
30,Wendell,Fulford,wfulfordt@domainmarket.com,Male,97.70.74.33
31,Jose,Calafato,jcalafatou@cornell.edu,Male,8.90.83.32
32,Dosi,Stelle,dstellev@cnbc.com,Female,246.186.235.222
33,Yank,Dunnet,ydunnetw@yelp.com,Male,148.179.177.155
34,Benedikt,Serot,bserotx@cafepress.com,Male,17.7.181.32
35,Norina,Keighley,nkeighleyy@symantec.com,Female,102.42.242.141
36,Robena,Schuck,rschuckz@slate.com,Female,132.252.192.150
37,Viola,Thomtson,vthomtson10@hatena.ne.jp,Female,19.12.125.28
38,Townsend,Houten,thouten11@indiegogo.com,Male,180.14.50.29
39,Wildon,Hadleigh,whadleigh12@cdbaby.com,Male,157.218.150.94
40,Winifred,Holbie,wholbie13@shinystat.com,Female,157.195.168.162
