id,first_name,last_name,email,gender,ip_address
1,Maren,Ivchenko,mivchenko0@ocn.ne.jp,Female,145.59.170.20
2,Giulia,Wanley,gwanley1@squarespace.com,Female,242.92.17.62
3,Menard,Storer,mstorer2@marriott.com,Agender,63.150.109.123
4,Gussi,Leivers,gleivers3@marketwatch.com,Female,126.47.124.89
5,Jelene,Note,jnote4@aboutads.info,Female,69.178.23.62
6,Francisco,Eastwood,feastwood5@cam.ac.uk,Male,212.3.198.183
7,Grange,Peattie,gpeattie6@usda.gov,Male,224.57.131.6
8,Mozelle,Lorden,mlorden7@discuz.net,Female,65.188.201.182
9,Melisandra,Layus,mlayus8@nasa.gov,Genderfluid,204.205.58.164
10,Galen,Birtwell,gbirtwell9@cnet.com,Male,200.248.150.80
11,Ham,Lawie,hlawiea@reference.com,Male,87.33.12.153
12,Georgiana,Bentke,gbentkeb@cloudflare.com,Female,85.222.168.61
13,Garrett,Probyn,gprobync@ameblo.jp,Male,51.147.171.204
14,Roxane,Uppett,ruppettd@eventbrite.com,Female,46.19.152.60
15,Edeline,Robertot,erobertote@smugmug.com,Female,224.249.140.119
16,Jean,Vicker,jvickerf@uol.com.br,Male,223.173.141.136
17,Dun,Stalley,dstalleyg@dailymotion.com,Male,249.205.163.233
18,Ab,Teaze,ateazeh@va.gov,Male,221.177.243.69
19,Manya,Cobbald,mcobbaldi@t.co,Female,104.99.251.241
20,Barbaraanne,Petty,bpettyj@hibu.com,Female,226.26.86.250
21,Ellary,Briggs,ebriggsk@boston.com,Male,152.67.239.233
22,Roanna,Flury,rfluryl@mlb.com,Female,191.184.35.230
23,Kahaleel,Huitson,khuitsonm@uiuc.edu,Male,136.152.236.82
24,Prentiss,Hablet,phabletn@hexun.com,Male,108.232.70.255
25,Dania,Ridolfo,dridolfoo@studiopress.com,Female,144.59.110.177
26,Niles,Robus,nrobusp@salon.com,Male,36.229.177.232
27,Amabelle,Jahns,ajahnsq@vistaprint.com,Female,91.72.171.110
28,Katharina,Gobell,kgobellr@vk.com,Female,47.34.40.97
29,Antons,Simmance,asimmances@china.com.cn,Polygender,126.53.213.47
30,Holly,Houselee,hhouseleet@google.ru,Male,164.23.216.237
31,Abbe,Bushell,abushellu@fc2.com,Female,2.192.149.84
32,Tiff,Yaldren,tyaldrenv@t-online.de,Female,93.43.3.239
33,Chester,Arden,cardenw@hc360.com,Male,210.250.86.44
34,Lance,Whittlesea,lwhittleseax@webs.com,Male,42.237.104.243
35,Batsheva,Thorp,bthorpy@mashable.com,Female,41.156.78.31
36,Killie,Emmerson,kemmersonz@addtoany.com,Male,50.67.237.17
37,Talbot,MacDwyer,tmacdwyer10@webeden.co.uk,Male,107.80.49.103
38,Krispin,Galletley,kgalletley11@webs.com,Male,75.144.160.169
39,Horton,Izaac,hizaac12@51.la,Male,162.15.238.181
40,Daniele,Mielnik,dmielnik13@homestead.com,Female,100.174.243.122
41,Brock,Defond,bdefond14@statcounter.com,Male,20.173.28.196
42,Berny,Matiewe,bmatiewe15@barnesandnoble.com,Male,228.105.25.205
43,Corella,Maloney,cmaloney16@jugem.jp,Female,111.84.188.84
44,Rodolph,Jee,rjee17@paypal.com,Male,147.181.38.221
45,Carma,Pimlock,cpimlock18@freewebs.com,Female,118.72.9.2
46,Thomas,Waudby,twaudby19@about.me,Male,58.65.152.166
47,Kermie,Matiashvili,kmatiashvili1a@scientificamerican.com,Male,56.168.200.80
48,Forrest,McNiff,fmcniff1b@a8.net,Male,211.149.193.32
49,Bernadene,Upson,bupson1c@vkontakte.ru,Female,192.192.42.75
50,Kip,Jeyes,kjeyes1d@linkedin.com,Female,142.87.93.133
51,Shelly,Hutson,shutson1e@ocn.ne.jp,Female,177.46.216.139
52,Maximilian,Hewell,mhewell1f@pinterest.com,Male,65.77.179.159
53,Consolata,Poxon,cpoxon1g@independent.co.uk,Female,37.62.36.55
54,Leroy,Oxtaby,loxtaby1h@artisteer.com,Male,152.157.186.247
55,Cherida,Headings,cheadings1i@umn.edu,Female,169.228.57.199
56,Montgomery,Burk,mburk1j@bloglines.com,Polygender,187.34.220.5
57,Fonz,Gentle,fgentle1k@gov.uk,Male,201.155.224.126
58,Leroy,Masden,lmasden1l@hp.com,Male,144.120.105.154
59,Esra,Knagges,eknagges1m@tripod.com,Male,189.118.189.117
60,Isahella,Walters,iwalters1n@taobao.com,Female,42.80.90.207
61,Roma,Pennycord,rpennycord1o@naver.com,Male,8.125.102.130
62,Cherrita,Skinn,cskinn1p@independent.co.uk,Female,86.131.102.91
63,Libbi,Parlett,lparlett1q@livejournal.com,Female,166.51.209.24
64,Tatiania,D'Alesio,tdalesio1r@nationalgeographic.com,Female,87.128.110.63
65,Francesco,Geator,fgeator1s@wikipedia.org,Male,249.121.55.143
66,Cornela,Rolph,crolph1t@php.net,Female,39.77.250.125
67,Cchaddie,Rouse,crouse1u@mtv.com,Male,12.75.14.30
68,Ezri,Clausson,eclausson1v@go.com,Male,55.69.99.7
69,Doro,Hinzer,dhinzer1w@slideshare.net,Female,238.118.204.72
70,Tillie,Burnep,tburnep1x@mtv.com,Female,143.58.196.138
71,Agosto,Gane,agane1y@liveinternet.ru,Bigender,211.68.156.100
72,Emalia,Featherbie,efeatherbie1z@vistaprint.com,Female,249.150.146.4
73,Anson,Jindrak,ajindrak20@so-net.ne.jp,Polygender,166.120.146.120
74,Pammi,Estabrook,pestabrook21@artisteer.com,Female,80.202.128.129
75,Renaud,Suddaby,rsuddaby22@businesswire.com,Male,3.35.161.222
76,Zebulen,Barthrup,zbarthrup23@huffingtonpost.com,Male,136.118.88.117
77,Sheila,Storcke,sstorcke24@mashable.com,Female,150.113.248.173
78,Bertine,Mithun,bmithun25@cmu.edu,Female,216.249.88.240
79,Wyn,Capoun,wcapoun26@spiegel.de,Male,12.217.236.142
80,Rossy,Snow,rsnow27@nhs.uk,Male,239.71.58.196
81,Jana,Strathman,jstrathman28@indiatimes.com,Polygender,93.9.221.118
82,Rockey,Bauer,rbauer29@umich.edu,Male,210.228.45.94
83,Shepherd,Rhucroft,srhucroft2a@cbc.ca,Genderqueer,170.106.252.183
84,Tiphany,Batalini,tbatalini2b@tuttocitta.it,Female,120.241.146.204
85,Hal,Shoosmith,hshoosmith2c@netvibes.com,Male,111.231.155.15
86,Thatcher,Dennant,tdennant2d@edublogs.org,Non-binary,94.199.209.103
87,Merell,Halling,mhalling2e@purevolume.com,Male,49.75.250.233
88,Brena,Barrows,bbarrows2f@about.com,Female,202.60.74.255
89,Tiffy,Young,tyoung2g@accuweather.com,Female,101.132.157.125
90,Paulette,Rawcliff,prawcliff2h@newsvine.com,Female,174.21.150.119
91,Adena,Fordy,afordy2i@goo.gl,Female,173.173.209.223
92,Andrea,Everal,aeveral2j@mlb.com,Male,93.127.152.90
93,Norrie,Ingleton,ningleton2k@shop-pro.jp,Female,151.58.0.34
94,Kendall,Trussell,ktrussell2l@jimdo.com,Male,10.220.170.200
95,Caldwell,Browning,cbrowning2m@amazon.co.jp,Male,23.48.118.77
96,Arnoldo,Corton,acorton2n@hubpages.com,Male,116.147.150.195
97,Andrea,Houldcroft,ahouldcroft2o@illinois.edu,Female,44.214.190.157
98,Kirstin,Caberas,kcaberas2p@google.co.jp,Female,170.145.215.9
99,Eldon,Jakubovits,ejakubovits2q@tamu.edu,Male,121.47.8.209
100,Elianora,Ziemen,eziemen2r@wsj.com,Genderqueer,189.251.92.111
101,Casey,Gibson,cgibson2s@xing.com,Female,181.83.215.72
102,Ivory,Sineath,isineath2t@woothemes.com,Female,184.170.53.82
103,Wenda,Malins,wmalins2u@arstechnica.com,Female,0.98.69.10
104,Lorri,Winterburn,lwinterburn2v@house.gov,Female,96.205.43.120
105,Zacharia,Paley,zpaley2w@state.tx.us,Male,76.238.30.216
106,Gipsy,Mourgue,gmourgue2x@newyorker.com,Female,47.18.132.82
107,Carlin,Petch,cpetch2y@sciencedaily.com,Female,71.237.212.117
108,Kyle,Oaker,koaker2z@cnbc.com,Male,131.136.88.194
109,Craggy,Moorcraft,cmoorcraft30@histats.com,Male,98.181.207.152
110,Lizette,Brunn,lbrunn31@digg.com,Female,172.103.231.150
111,Asia,Henworth,ahenworth32@wordpress.org,Female,65.124.224.96
112,Marylynne,Germaine,mgermaine33@wikimedia.org,Female,60.11.112.204
113,Theodor,Cossans,tcossans34@theglobeandmail.com,Male,149.228.8.15
114,Beryl,Scowcraft,bscowcraft35@washington.edu,Female,81.102.75.242
115,Selene,Ginger,sginger36@state.gov,Female,67.97.88.160
116,Amargo,Stiggers,astiggers37@homestead.com,Female,7.6.163.190
117,Boy,Enticknap,benticknap38@photobucket.com,Male,69.0.221.255
118,Brose,Boteman,bboteman39@360.cn,Male,71.193.92.194
119,Devon,McCritichie,dmccritichie3a@dagondesign.com,Female,61.20.10.16
120,Reade,Thorogood,rthorogood3b@icq.com,Male,190.157.61.125
121,Wendel,Leddy,wleddy3c@over-blog.com,Male,52.128.14.91
122,Geordie,Care,gcare3d@soundcloud.com,Male,7.118.163.104
123,Trix,Dilger,tdilger3e@tinypic.com,Female,127.56.141.159
124,Christie,Pottiphar,cpottiphar3f@wisc.edu,Female,112.202.251.2
125,Roy,Hutcheon,rhutcheon3g@elpais.com,Male,39.126.125.179
126,Yorke,Alpin,yalpin3h@wired.com,Male,25.246.119.27
127,Andriette,Tejero,atejero3i@twitpic.com,Female,61.117.132.235
128,Enos,Roscamp,eroscamp3j@tuttocitta.it,Male,130.10.125.60
129,Pippa,Bredbury,pbredbury3k@weather.com,Female,82.38.157.7
130,Guillermo,Howbrook,ghowbrook3l@theatlantic.com,Male,202.245.141.224
131,Kristy,Beales,kbeales3m@engadget.com,Bigender,2.205.128.134
132,Katusha,Muckle,kmuckle3n@purevolume.com,Female,94.152.24.9
133,Chelsea,Banfield,cbanfield3o@army.mil,Female,253.124.38.78
134,Bellina,Forward,bforward3p@who.int,Female,54.75.220.119
135,Larisa,Tonry,ltonry3q@disqus.com,Female,135.167.195.213
136,Casar,Tottle,ctottle3r@baidu.com,Male,34.245.97.18
137,Alphonse,Sillwood,asillwood3s@booking.com,Male,85.57.71.238
138,Ilka,Dundon,idundon3t@studiopress.com,Female,138.254.147.96
139,Antony,Coogan,acoogan3u@timesonline.co.uk,Male,188.158.81.238
140,Tandie,Barrass,tbarrass3v@opera.com,Female,117.147.1.21
141,Aeriel,Halpin,ahalpin3w@vimeo.com,Female,246.189.59.131
142,Verene,Clissett,vclissett3x@house.gov,Female,201.134.64.89
143,Reinold,Caddens,rcaddens3y@chronoengine.com,Male,243.121.250.165
144,Kass,Greaser,kgreaser3z@list-manage.com,Female,99.2.103.217
145,Darda,Staden,dstaden40@google.it,Female,168.169.233.255
146,Geordie,Dawks,gdawks41@telegraph.co.uk,Male,101.210.130.31
147,Tibold,Kliesl,tkliesl42@usda.gov,Male,120.138.33.155
148,Claybourne,Govenlock,cgovenlock43@networksolutions.com,Male,188.195.94.115
149,Addia,Gensavage,agensavage44@theatlantic.com,Female,17.51.106.104
150,Liza,Conneely,lconneely45@live.com,Female,243.2.154.82
151,Ulrick,Chaffen,uchaffen46@geocities.com,Male,247.116.147.117
152,Magdalene,Skeete,mskeete47@java.com,Female,190.205.20.73
153,Erminie,Sacker,esacker48@opensource.org,Female,160.98.56.21
154,Bentley,Revett,brevett49@theatlantic.com,Male,97.204.149.226
155,Opalina,Vasilmanov,ovasilmanov4a@sourceforge.net,Female,22.179.146.202
156,Hedwiga,Maskrey,hmaskrey4b@harvard.edu,Female,196.48.154.26
157,James,Braban,jbraban4c@naver.com,Male,36.57.190.253
158,Regen,Dimeloe,rdimeloe4d@bloomberg.com,Male,148.127.232.119
159,Alexandros,Clyburn,aclyburn4e@joomla.org,Male,187.37.108.188
160,Brinna,Birrane,bbirrane4f@hhs.gov,Female,247.29.10.189
161,Griff,Elsop,gelsop4g@deviantart.com,Male,117.9.99.145
162,Jenna,Jobin,jjobin4h@yellowbook.com,Female,178.206.146.110
163,Delia,Starton,dstarton4i@networksolutions.com,Female,0.194.42.135
164,Bruno,Manolov,bmanolov4j@opera.com,Male,192.25.57.166
165,Louella,Loughton,lloughton4k@imageshack.us,Female,88.196.59.46
166,Earvin,Bailey,ebailey4l@huffingtonpost.com,Male,17.0.17.54
167,Daisy,Moir,dmoir4m@ezinearticles.com,Female,25.234.156.70
168,Lenora,Triner,ltriner4n@umich.edu,Female,8.6.45.75
169,Cherice,Wedge,cwedge4o@yolasite.com,Female,6.44.19.83
170,Merilyn,Hawkin,mhawkin4p@cisco.com,Female,168.174.203.11
171,Chucho,Kelway,ckelway4q@statcounter.com,Genderfluid,151.84.199.12
172,Corbin,Peel,cpeel4r@trellian.com,Male,105.87.181.130
173,Deerdre,Shaddock,dshaddock4s@barnesandnoble.com,Female,48.230.164.183
174,Olympie,Joiris,ojoiris4t@arizona.edu,Female,173.33.211.156
175,Lenora,Buswell,lbuswell4u@studiopress.com,Bigender,186.167.208.26
176,Zorine,Grishanov,zgrishanov4v@umich.edu,Female,5.35.36.196
177,Lucina,Bertholin,lbertholin4w@creativecommons.org,Female,169.98.129.219
178,Ruy,Schoolfield,rschoolfield4x@mapquest.com,Male,65.255.107.165
179,Lanni,Biggadike,lbiggadike4y@twitter.com,Female,173.229.67.72
180,Dale,Frackiewicz,dfrackiewicz4z@ask.com,Female,44.75.181.164
181,Merry,Boyles,mboyles50@arstechnica.com,Male,133.199.135.190
182,Balduin,Shapera,bshapera51@mail.ru,Male,187.129.118.211
183,Jennine,Harroll,jharroll52@elegantthemes.com,Female,3.45.138.68
184,Farley,Ainger,fainger53@privacy.gov.au,Male,86.65.30.112
185,Emory,Burnel,eburnel54@livejournal.com,Male,147.8.87.209
186,Oliver,Souness,osouness55@hostgator.com,Male,237.59.226.115
187,Norean,Scandrett,nscandrett56@noaa.gov,Female,50.181.34.90
188,Mandie,Killick,mkillick57@springer.com,Non-binary,40.68.201.75
189,Electra,Doerling,edoerling58@shop-pro.jp,Female,148.177.217.215
190,Duffy,Realy,drealy59@tinypic.com,Male,11.30.78.62
191,Mahala,Kernes,mkernes5a@forbes.com,Female,86.130.1.136
192,Sumner,Maier,smaier5b@wordpress.org,Male,171.11.175.84
193,Gaven,Ilott,gilott5c@sfgate.com,Male,2.166.111.204
194,Loni,Ganing,lganing5d@bbc.co.uk,Bigender,236.212.45.234
195,Wait,Sixsmith,wsixsmith5e@naver.com,Male,48.120.241.250
196,Wright,Mongin,wmongin5f@infoseek.co.jp,Male,16.120.178.101
197,Samuel,Dibble,sdibble5g@skype.com,Male,199.50.10.149
198,Ganny,Meneghi,gmeneghi5h@studiopress.com,Male,27.165.43.166
199,Onfroi,Geare,ogeare5i@ning.com,Male,17.193.150.9
200,Glendon,Sidden,gsidden5j@smh.com.au,Male,113.172.88.167
201,Adriano,Basant,abasant5k@icq.com,Male,166.35.179.248
202,Burr,Langelay,blangelay5l@altervista.org,Male,143.73.7.121
203,Shirleen,Meikle,smeikle5m@nature.com,Female,75.75.210.248
204,Anett,Vasin,avasin5n@amazon.co.uk,Female,107.121.236.183
205,Michaelina,Wilacot,mwilacot5o@nature.com,Female,94.105.186.210
206,Theo,Aymer,taymer5p@nature.com,Male,149.217.221.120
207,Grata,Bails,gbails5q@latimes.com,Female,208.48.205.250
208,Meredeth,Phillpotts,mphillpotts5r@facebook.com,Non-binary,12.250.255.201
209,Tymothy,Rivers,trivers5s@uiuc.edu,Male,115.111.58.184
210,Brittni,Ivanuschka,bivanuschka5t@aol.com,Female,172.167.192.78
211,Vic,Measor,vmeasor5u@hud.gov,Male,227.200.135.140
212,Dannie,Stuchbery,dstuchbery5v@archive.org,Male,175.244.176.169
213,Malvin,Drakeley,mdrakeley5w@slideshare.net,Male,135.6.216.81
214,Damita,Paulucci,dpaulucci5x@cmu.edu,Female,90.245.254.108
215,Brade,Donke,bdonke5y@google.co.uk,Male,119.163.17.48
216,Euphemia,Francello,efrancello5z@comsenz.com,Female,114.190.115.13
217,Pearline,Stonier,pstonier60@tmall.com,Female,200.107.199.28
218,Lorry,Leverage,lleverage61@opera.com,Female,48.139.161.104
219,Kelsy,Dmiterko,kdmiterko62@nydailynews.com,Female,184.190.136.99
220,Kahlil,Verring,kverring63@tamu.edu,Male,67.1.204.14
221,Bliss,Woodyeare,bwoodyeare64@un.org,Female,47.211.255.205
222,Carree,Haster,chaster65@quantcast.com,Female,74.49.55.86
223,Yettie,Benoy,ybenoy66@disqus.com,Female,92.98.183.184
224,Valentin,Shrimptone,vshrimptone67@mozilla.com,Polygender,82.101.224.21
225,Stephanie,Heaford,sheaford68@naver.com,Female,63.170.26.87
226,Abramo,Hehnke,ahehnke69@ameblo.jp,Male,117.6.231.190
227,Tracie,O'Hallagan,tohallagan6a@goo.gl,Male,86.158.184.130
228,Foster,Scurfield,fscurfield6b@skype.com,Male,142.105.179.222
229,Robbin,Zuanelli,rzuanelli6c@shop-pro.jp,Female,185.62.200.112
230,Lovell,Maloney,lmaloney6d@diigo.com,Male,45.31.34.12
231,Simeon,Guido,sguido6e@timesonline.co.uk,Male,98.40.110.85
232,Cristin,Ormerod,cormerod6f@odnoklassniki.ru,Female,60.23.1.176
233,Jaine,Puckett,jpuckett6g@tmall.com,Female,236.227.192.206
234,Amelia,Kochl,akochl6h@ifeng.com,Female,63.148.131.106
235,Shari,Hansom,shansom6i@wordpress.org,Genderqueer,128.3.56.10
236,Avie,Thams,athams6j@phpbb.com,Female,33.252.218.130
237,Andrea,Pretorius,apretorius6k@wufoo.com,Female,85.198.88.157
238,Stephan,Springford,sspringford6l@google.com.au,Male,224.39.237.221
239,Guinevere,Tiddeman,gtiddeman6m@example.com,Female,80.244.75.140
240,Colver,Skull,cskull6n@webeden.co.uk,Male,95.246.86.214
241,Cahra,Sorbie,csorbie6o@clickbank.net,Female,24.53.154.173
242,Maryanne,Bish,mbish6p@wix.com,Female,193.52.215.97
243,Arleen,Ferrettini,aferrettini6q@state.tx.us,Female,49.204.30.18
244,Rhys,Nozzolinii,rnozzolinii6r@nasa.gov,Male,88.41.45.245
245,Gweneth,Oldis,goldis6s@amazonaws.com,Female,97.186.50.125
246,Margy,Nunes Nabarro,mnunesnabarro6t@bloglovin.com,Female,199.135.195.93
247,Godwin,Huygen,ghuygen6u@sourceforge.net,Genderfluid,107.142.11.68
248,Chickie,Marr,cmarr6v@webmd.com,Male,206.245.202.102
249,Dorthea,McRitchie,dmcritchie6w@mashable.com,Female,56.227.10.162
250,Stanwood,Quarmby,squarmby6x@spotify.com,Male,2.23.66.95
251,Vanna,Lidster,vlidster6y@google.pl,Female,245.133.219.142
252,Starlin,Battson,sbattson6z@g.co,Female,197.91.208.35
253,Cordell,Meriel,cmeriel70@craigslist.org,Male,232.183.153.110
254,Konrad,Ramelot,kramelot71@google.co.jp,Male,131.221.221.238
255,Tyson,Clemo,tclemo72@clickbank.net,Male,29.19.241.40
256,Phyllis,McAvey,pmcavey73@kickstarter.com,Female,54.246.150.163
257,Eva,Kearton,ekearton74@japanpost.jp,Agender,254.79.108.37
258,Sebastiano,Mairs,smairs75@shareasale.com,Male,60.86.17.51
259,Barbra,Trelevan,btrelevan76@reddit.com,Female,185.92.83.158
260,Elias,McKue,emckue77@a8.net,Male,246.46.14.172
261,Pammy,Vears,pvears78@slate.com,Female,35.32.254.107
262,Heidi,Kadar,hkadar79@economist.com,Agender,153.198.69.136
263,George,Jory,gjory7a@columbia.edu,Male,200.205.189.187
264,Marylee,Cobson,mcobson7b@home.pl,Female,137.49.244.238
265,Imojean,Napolitano,inapolitano7c@omniture.com,Female,107.36.168.29
266,Laurel,Tremblet,ltremblet7d@rambler.ru,Genderqueer,5.241.12.187
267,Dore,Dinsmore,ddinsmore7e@tinypic.com,Male,153.38.64.214
268,Belicia,Laughtisse,blaughtisse7f@ow.ly,Female,133.105.59.236
269,Morgun,Fearick,mfearick7g@jimdo.com,Agender,49.140.171.64
270,Man,Aymeric,maymeric7h@nhs.uk,Male,215.26.113.156
271,Klaus,Marcu,kmarcu7i@google.co.jp,Male,251.149.182.114
272,Daphna,Janicek,djanicek7j@hibu.com,Female,134.236.225.118
273,Goldia,Briggdale,gbriggdale7k@i2i.jp,Female,44.40.134.115
274,Genna,Ledamun,gledamun7l@pbs.org,Female,222.8.156.249
275,Riobard,Marks,rmarks7m@fema.gov,Male,91.134.125.159
276,Britt,Stentiford,bstentiford7n@sina.com.cn,Male,136.187.229.229
277,Evin,Ludlam,eludlam7o@list-manage.com,Male,23.16.37.78
278,Tatum,Giannasi,tgiannasi7p@wisc.edu,Female,169.165.40.60
279,Lazarus,Martinson,lmartinson7q@sun.com,Bigender,187.209.239.253
280,Laney,O'Rodane,lorodane7r@discovery.com,Male,218.69.172.214
281,Ernaline,Rape,erape7s@goodreads.com,Female,8.22.159.125
282,Eduard,Duffin,eduffin7t@mozilla.com,Genderqueer,127.163.193.112
283,Jerry,Gyorffy,jgyorffy7u@census.gov,Male,110.235.0.54
284,Rey,Viant,rviant7v@live.com,Male,63.60.66.34
285,Yevette,Simpkin,ysimpkin7w@ning.com,Female,190.209.233.124
286,Guthry,Emlyn,gemlyn7x@1und1.de,Male,247.22.213.236
287,Danna,Tulk,dtulk7y@e-recht24.de,Female,88.133.58.130
288,Vivie,Fallow,vfallow7z@blogger.com,Female,54.203.194.103
289,Dar,Heningham,dheningham80@kickstarter.com,Male,161.31.255.77
290,Renaldo,Hutchings,rhutchings81@pinterest.com,Male,70.189.7.138
291,Mattie,Furmedge,mfurmedge82@cnbc.com,Male,58.208.247.37
292,Heriberto,Ackrill,hackrill83@fema.gov,Male,111.107.1.227
293,Myrvyn,Tonbye,mtonbye84@tinypic.com,Male,97.182.228.210
294,Yetta,Proudman,yproudman85@google.ca,Female,227.65.119.74
295,Olenolin,Pearlman,opearlman86@phoca.cz,Male,105.89.12.57
296,Letitia,Dicken,ldicken87@smugmug.com,Female,112.10.42.105
297,Kiele,Autin,kautin88@sfgate.com,Female,165.53.210.87
298,Laney,Singyard,lsingyard89@statcounter.com,Female,154.177.94.84
299,Gloria,Beagley,gbeagley8a@skype.com,Female,21.81.76.247
300,Robinet,Borgnet,rborgnet8b@marketwatch.com,Female,20.157.2.171
301,Rhonda,Sancto,rsancto8c@reverbnation.com,Female,209.205.52.43
302,Erminia,Bowbrick,ebowbrick8d@hostgator.com,Female,199.20.45.138
303,Bowie,Hardwell,bhardwell8e@com.com,Male,160.245.198.160
304,Oates,Clemenceau,oclemenceau8f@prlog.org,Male,135.108.33.68
305,Alyson,Gainseford,againseford8g@yahoo.co.jp,Female,122.169.205.129
306,Ediva,Janssen,ejanssen8h@alibaba.com,Female,15.229.233.197
307,Brew,Waylen,bwaylen8i@buzzfeed.com,Male,134.238.166.3
308,Con,Wimbridge,cwimbridge8j@yale.edu,Male,246.34.11.72
309,Selia,Midgley,smidgley8k@dot.gov,Female,187.38.102.212
310,Padriac,Hiom,phiom8l@blinklist.com,Male,41.149.10.91
311,Marten,Gores,mgores8m@hud.gov,Male,182.36.182.210
312,Tulley,Cowie,tcowie8n@accuweather.com,Male,243.111.131.90
313,Zared,Ebbles,zebbles8o@diigo.com,Male,210.182.127.110
314,Gavin,Pitman,gpitman8p@whitehouse.gov,Male,195.106.73.231
315,Whitney,Farny,wfarny8q@dyndns.org,Male,46.178.202.41
316,Ruben,Chown,rchown8r@vinaora.com,Male,36.233.70.170
317,Joannes,Comelli,jcomelli8s@npr.org,Female,7.174.191.132
318,Marve,Hammond,mhammond8t@wix.com,Male,246.10.109.19
319,Judie,Ashbey,jashbey8u@mayoclinic.com,Female,152.60.46.159
320,Celka,Readwood,creadwood8v@cpanel.net,Female,72.239.33.27
321,Randie,Ferenczy,rferenczy8w@state.gov,Male,212.150.38.236
322,Millie,Fyfield,mfyfield8x@hugedomains.com,Female,50.4.176.116
323,Nicole,O'Leary,noleary8y@constantcontact.com,Female,51.235.189.62
324,Constanta,Klugman,cklugman8z@mayoclinic.com,Female,33.74.141.10
325,Frieda,Hulatt,fhulatt90@wikipedia.org,Female,56.143.1.167
326,Arther,Bogue,abogue91@mac.com,Male,164.53.233.116
327,Abelard,Jacklin,ajacklin92@census.gov,Male,95.57.34.41
328,Berti,Arbuckel,barbuckel93@unesco.org,Female,251.103.86.250
329,Haroun,Owthwaite,howthwaite94@woothemes.com,Male,133.215.228.130
330,Petronille,Berndtssen,pberndtssen95@goo.gl,Female,40.199.19.86
331,Culley,Bottomley,cbottomley96@harvard.edu,Male,219.0.145.147
332,Rochette,O'Daly,rodaly97@linkedin.com,Female,124.183.185.40
333,Husein,Bayman,hbayman98@usnews.com,Male,87.100.108.110
334,Rachel,Ennion,rennion99@state.tx.us,Female,23.64.239.48
335,Carlotta,Vittet,cvittet9a@tuttocitta.it,Female,144.190.194.171
336,Templeton,de la Valette Parisot,tdelavaletteparisot9b@furl.net,Non-binary,3.50.102.235
337,Ashely,Schult,aschult9c@paypal.com,Female,14.242.66.124
338,Ashleigh,Gimbrett,agimbrett9d@fastcompany.com,Agender,108.118.37.250
339,Gabi,Bothams,gbothams9e@kickstarter.com,Female,51.255.136.59
340,Theodora,Radsdale,tradsdale9f@liveinternet.ru,Female,173.77.56.27
341,Jorey,Trask,jtrask9g@hc360.com,Female,11.93.28.9
342,Jorge,Salatino,jsalatino9h@yandex.ru,Male,96.19.188.52
343,Dewie,Salandino,dsalandino9i@usatoday.com,Male,110.255.38.121
344,Allie,McKiddin,amckiddin9j@hc360.com,Male,152.243.52.171
345,Evita,Messer,emesser9k@livejournal.com,Female,168.198.175.65
346,Flss,Spargo,fspargo9l@list-manage.com,Female,185.226.198.155
347,Phillipp,Dainter,pdainter9m@icio.us,Male,178.32.244.187
348,Huntlee,Duffell,hduffell9n@macromedia.com,Male,185.9.200.20
349,Marten,Prenty,mprenty9o@tinyurl.com,Male,3.138.133.6
350,Salome,Ebourne,sebourne9p@auda.org.au,Female,95.150.43.12
351,Rex,Farnaby,rfarnaby9q@meetup.com,Male,15.158.247.139
352,Tonie,Caulder,tcaulder9r@goo.ne.jp,Female,135.127.97.72
353,Artemis,Ensor,aensor9s@unesco.org,Male,45.105.3.69
354,Guenna,Darragh,gdarragh9t@guardian.co.uk,Female,164.190.247.195
355,Rosamund,Hedditch,rhedditch9u@yolasite.com,Female,26.121.147.141
356,Winnie,Meeron,wmeeron9v@phoca.cz,Female,250.245.30.243
357,Tiphani,Bearcock,tbearcock9w@acquirethisname.com,Female,132.128.82.133
358,Axe,Pedican,apedican9x@china.com.cn,Male,151.92.39.52
359,Karlis,Sahlstrom,ksahlstrom9y@dmoz.org,Male,44.163.90.128
360,Jill,Jory,jjory9z@theguardian.com,Female,208.182.127.35
361,Micheal,Bontoft,mbontofta0@addthis.com,Male,98.249.9.67
362,Morganne,Buntain,mbuntaina1@51.la,Bigender,182.63.121.254
363,Talbert,McKeaveney,tmckeaveneya2@mlb.com,Male,211.43.31.22
364,Yovonnda,Burberye,yburberyea3@bing.com,Female,225.28.74.245
365,Myles,Kleyn,mkleyna4@yelp.com,Male,174.201.68.74
366,Davina,Arblaster,darblastera5@about.com,Female,145.131.92.165
367,Abbe,Rattray,arattraya6@ucoz.ru,Female,188.28.34.121
368,Nevile,Humblestone,nhumblestonea7@issuu.com,Male,145.49.179.59
369,Rolando,Trundler,rtrundlera8@springer.com,Male,27.161.27.101
370,Arlan,Mault,amaulta9@harvard.edu,Male,84.124.105.201
371,Chad,Pringell,cpringellaa@engadget.com,Male,63.125.119.174
372,Mirelle,Dyte,mdyteab@latimes.com,Female,120.128.190.254
373,Tracee,Duckit,tduckitac@infoseek.co.jp,Female,81.129.25.56
374,Trixie,Nannetti,tnannettiad@pinterest.com,Female,35.161.33.138
375,Greer,Ruselin,gruselinae@behance.net,Female,235.217.21.27
376,Jude,Geale,jgealeaf@reddit.com,Male,173.180.226.4
377,Eartha,Tilston,etilstonag@si.edu,Non-binary,139.7.85.246
378,Rollo,Brient,rbrientah@miitbeian.gov.cn,Male,80.26.216.208
379,Dael,Echlin,dechlinai@slideshare.net,Male,220.146.90.18
380,Kariotta,Antognoni,kantognoniaj@51.la,Female,226.28.128.2
381,Florina,Ambroziak,fambroziakak@wikispaces.com,Female,115.150.64.89
382,Allene,Zorzin,azorzinal@infoseek.co.jp,Female,110.183.32.182
383,Rebecca,Konrad,rkonradam@buzzfeed.com,Genderfluid,18.6.206.166
384,Phaedra,Fidelli,pfidellian@deviantart.com,Female,154.108.160.40
385,Emlyn,O'Gormally,eogormallyao@hugedomains.com,Male,60.25.106.212
386,Nelle,Rye,nryeap@wikipedia.org,Female,185.148.120.239
387,Heddie,Lyddiard,hlyddiardaq@360.cn,Female,121.27.53.155
388,Barr,Bandey,bbandeyar@squarespace.com,Male,74.30.98.96
389,Meriel,Akred,makredas@cdbaby.com,Female,71.130.146.88
390,Carey,Cortes,ccortesat@about.me,Male,161.178.66.221
391,Emmeline,Arcase,earcaseau@ihg.com,Female,10.156.95.179
392,Justine,Dunley,jdunleyav@sciencedaily.com,Female,226.237.124.28
393,Morganica,Jessen,mjessenaw@epa.gov,Female,30.192.16.95
394,Keriann,Kelsall,kkelsallax@hostgator.com,Female,207.179.232.170
395,Lane,Gainfort,lgainfortay@phoca.cz,Genderqueer,102.171.103.170
396,Gert,Reichhardt,greichhardtaz@desdev.cn,Female,168.121.204.0
397,Kimberlee,Wilbor,kwilborb0@npr.org,Female,41.230.92.181
398,Karoly,Rebeiro,krebeirob1@zimbio.com,Female,153.0.52.98
399,Shayna,Sheals,sshealsb2@mediafire.com,Female,50.17.137.231
400,Krisha,Durran,kdurranb3@yellowpages.com,Male,145.241.20.178
401,Mortie,Verman,mvermanb4@state.gov,Male,73.49.212.105
402,Margalit,Handke,mhandkeb5@statcounter.com,Female,206.50.110.113
403,Vitoria,Feasley,vfeasleyb6@goodreads.com,Agender,175.184.213.157
404,Karlotta,Cantillon,kcantillonb7@purevolume.com,Female,41.237.120.91
405,Trixi,Halfacre,thalfacreb8@nytimes.com,Female,168.119.62.158
406,Warner,Denny,wdennyb9@sakura.ne.jp,Male,149.120.125.6
407,Laural,Stennet,lstennetba@cornell.edu,Female,71.245.154.92
408,Georgette,Fermor,gfermorbb@1und1.de,Female,248.157.94.35
409,Marsha,Label,mlabelbc@cmu.edu,Female,60.234.217.222
410,Evaleen,Arnout,earnoutbd@shinystat.com,Female,231.108.131.119
411,Lorin,Barnson,lbarnsonbe@ucsd.edu,Male,106.166.191.234
412,Andrei,Nosworthy,anosworthybf@e-recht24.de,Female,149.111.107.50
413,Jewelle,Faulo,jfaulobg@comsenz.com,Bigender,65.79.126.103
414,Clare,Pumphrey,cpumphreybh@irs.gov,Female,52.252.222.115
415,Mathew,Lightwing,mlightwingbi@unc.edu,Male,156.11.46.16
416,Stu,Pretious,spretiousbj@biglobe.ne.jp,Male,246.137.190.238
417,Julie,Revett,jrevettbk@ox.ac.uk,Male,154.128.109.168
418,Payton,McKelvey,pmckelveybl@php.net,Male,89.28.120.22
419,Pail,Checcuzzi,pcheccuzzibm@admin.ch,Male,59.87.106.168
420,Mathe,Martinson,mmartinsonbn@noaa.gov,Male,49.29.194.243
421,Alexa,Beauchamp,abeauchampbo@sina.com.cn,Female,94.107.186.40
422,Elga,Finci,efincibp@miibeian.gov.cn,Female,165.191.62.78
423,Frans,Mitham,fmithambq@opensource.org,Male,240.28.116.246
424,Geoff,Gladdin,ggladdinbr@webeden.co.uk,Male,51.170.192.38
425,Pasquale,Klemps,pklempsbs@apache.org,Male,237.109.95.235
426,Camile,Eddisford,ceddisfordbt@virginia.edu,Female,97.191.90.60
427,Andriana,Jozefowicz,ajozefowiczbu@mayoclinic.com,Female,250.62.181.58
428,Marsiella,Torbett,mtorbettbv@1688.com,Female,213.41.29.82
429,Olva,Simmank,osimmankbw@discovery.com,Female,145.59.40.155
430,Marylee,Rubartelli,mrubartellibx@mapquest.com,Female,94.211.94.17
431,Nerissa,Tows,ntowsby@mlb.com,Female,73.171.104.238
432,Alfie,Jecks,ajecksbz@constantcontact.com,Male,96.248.1.33
433,Gilli,Zealander,gzealanderc0@mozilla.org,Female,252.49.245.90
434,Erminie,Spellacy,espellacyc1@gov.uk,Female,164.208.247.249
435,Alessandra,Newlin,anewlinc2@sitemeter.com,Female,249.121.212.231
436,Hartley,Ossulton,hossultonc3@cmu.edu,Male,78.117.144.103
437,Jenelle,Battleson,jbattlesonc4@ow.ly,Female,180.226.82.111
438,Beck,Jenny,bjennyc5@clickbank.net,Polygender,63.244.20.166
439,Ewen,Figures,efiguresc6@mashable.com,Male,223.240.204.88
440,Baron,Kochlin,bkochlinc7@dagondesign.com,Male,251.162.23.141
441,Cordi,Spybey,cspybeyc8@yolasite.com,Female,201.186.91.31
442,Emlyn,Lindeberg,elindebergc9@berkeley.edu,Male,173.99.129.242
443,Josh,Handsheart,jhandsheartca@feedburner.com,Male,12.254.183.207
444,Denver,Eglington,deglingtoncb@hao123.com,Male,206.45.228.8
445,Christy,Liff,cliffcc@ca.gov,Female,188.167.153.72
446,Kendre,Keers,kkeerscd@fda.gov,Female,12.217.249.28
447,Skylar,Burnep,sburnepce@360.cn,Male,79.192.253.65
448,Guglielma,Verma,gvermacf@mit.edu,Female,5.59.189.86
449,Karil,Rubinowitsch,krubinowitschcg@google.com,Female,232.249.44.4
450,Bobbie,Stowgill,bstowgillch@sourceforge.net,Female,27.138.12.153
451,Bernadina,Billingsly,bbillingslyci@stanford.edu,Polygender,13.196.20.174
452,Siegfried,Adess,sadesscj@amazon.co.jp,Male,239.247.60.66
453,Normie,Couser,ncouserck@redcross.org,Male,35.121.193.93
454,Kelbee,Keemer,kkeemercl@reuters.com,Male,125.74.76.105
455,Nikola,Littleton,nlittletoncm@discovery.com,Male,181.216.95.68
456,Rodrique,Zoephel,rzoephelcn@bbc.co.uk,Male,239.198.40.246
457,Hugo,Partlett,hpartlettco@delicious.com,Male,133.5.227.228
458,Danica,Vargas,dvargascp@reuters.com,Female,22.223.128.58
459,Lyndsie,Klimkovich,lklimkovichcq@nasa.gov,Female,128.205.178.112
460,Georgia,Clapston,gclapstoncr@nhs.uk,Bigender,142.187.199.69
461,Bartholomeo,Harp,bharpcs@amazon.com,Male,19.104.184.158
462,Lesly,Follan,lfollanct@answers.com,Female,158.26.52.151
463,Alphonso,Sokell,asokellcu@ezinearticles.com,Male,91.157.139.12
464,Deeyn,Sandall,dsandallcv@senate.gov,Female,22.201.138.123
465,Jenelle,Gellett,jgellettcw@123-reg.co.uk,Female,184.121.2.123
466,Hilde,Nuss,hnusscx@qq.com,Female,14.36.218.208
467,Leonard,Mourgue,lmourguecy@stanford.edu,Bigender,0.196.154.42
468,Star,Rowsell,srowsellcz@globo.com,Female,21.144.146.41
469,Karolina,O'Feeney,kofeeneyd0@github.com,Genderqueer,106.152.197.25
470,Chuck,McCadden,cmccaddend1@stanford.edu,Male,8.239.61.178
471,Waylan,Blasl,wblasld2@ustream.tv,Male,137.153.154.134
472,Ashlin,Hefferon,ahefferond3@alexa.com,Male,109.61.202.132
473,Rachel,Beckworth,rbeckworthd4@arizona.edu,Female,80.197.164.196
474,Tonnie,Ucceli,tuccelid5@weebly.com,Male,85.128.15.172
475,Modestine,Parlet,mparletd6@google.co.uk,Female,64.185.229.63
476,Trina,Esmond,tesmondd7@surveymonkey.com,Polygender,241.137.117.97
477,Alon,Piggford,apiggfordd8@plala.or.jp,Male,30.186.23.242
478,Adan,Greder,agrederd9@surveymonkey.com,Male,202.109.124.196
479,Melina,Lorrimer,mlorrimerda@cam.ac.uk,Female,138.203.54.142
480,Aila,Priddy,apriddydb@artisteer.com,Female,54.80.88.90
481,Sam,Limeburner,slimeburnerdc@cdc.gov,Female,13.29.63.228
482,Ronny,Schlag,rschlagdd@webeden.co.uk,Male,230.167.235.212
483,Rusty,Cominoli,rcominolide@unesco.org,Male,48.80.91.26
484,Orran,Mara,omaradf@newsvine.com,Male,244.147.174.238
485,Yorker,Bleackley,ybleackleydg@posterous.com,Male,248.53.188.53
486,Ilene,De la Yglesia,idelayglesiadh@desdev.cn,Female,163.37.226.33
487,Wilt,Lyston,wlystondi@studiopress.com,Male,143.242.112.183
488,Eleen,Tripony,etriponydj@marriott.com,Female,53.88.24.195
489,Richmound,De Ruel,rderueldk@4shared.com,Male,164.12.11.37
490,Jefferson,Mulmuray,jmulmuraydl@cbslocal.com,Male,129.205.12.184
491,Quent,Bradburne,qbradburnedm@drupal.org,Male,119.231.9.136
492,Elliott,Kulvear,ekulveardn@ezinearticles.com,Male,220.99.126.195
493,Neel,de Voiels,ndevoielsdo@washingtonpost.com,Male,118.180.61.212
494,Abelard,Deny,adenydp@dyndns.org,Male,72.67.91.245
495,Gaston,Dillaway,gdillawaydq@flavors.me,Male,3.207.214.70
496,Cornelia,Domerque,cdomerquedr@simplemachines.org,Female,155.59.131.37
497,Homere,Chrippes,hchrippesds@edublogs.org,Polygender,118.177.195.223
498,Clarie,Lillegard,clillegarddt@wsj.com,Female,13.120.243.185
499,Bennett,Bruton,bbrutondu@state.tx.us,Male,144.231.157.46
500,Cher,Brosh,cbroshdv@time.com,Female,145.3.29.237
501,Darci,Depper,ddepperdw@qq.com,Female,162.213.200.158
502,Jason,Tukely,jtukelydx@symantec.com,Male,218.217.25.103
503,Guglielmo,Lambertson,glambertsondy@123-reg.co.uk,Male,84.177.75.66
504,Trey,McHarry,tmcharrydz@reverbnation.com,Male,19.32.238.170
505,Gideon,Ancketill,gancketille0@dropbox.com,Male,121.63.253.210
506,Enrica,Beckerleg,ebeckerlege1@yandex.ru,Female,122.6.131.61
507,Alva,Gooderridge,agooderridgee2@printfriendly.com,Male,234.89.131.135
508,Walther,State,wstatee3@usatoday.com,Non-binary,29.1.108.180
509,Pier,Piser,ppisere4@weather.com,Female,227.81.67.14
510,Arley,Francesc,afrancesce5@senate.gov,Male,221.225.57.135
511,Mathias,Barents,mbarentse6@reverbnation.com,Male,255.66.92.102
512,Agnesse,Madgewick,amadgewicke7@soundcloud.com,Female,3.214.39.2
513,Goran,Pordall,gpordalle8@unesco.org,Male,7.205.52.45
514,Valli,Fritche,vfritchee9@harvard.edu,Female,14.70.61.130
515,Tedd,Le Friec,tlefriecea@forbes.com,Male,179.141.180.216
516,Adina,Vass,avasseb@csmonitor.com,Female,190.148.218.10
517,Baxie,Ormshaw,bormshawec@soundcloud.com,Male,12.38.140.101
518,Thaxter,Wedgwood,twedgwooded@webeden.co.uk,Male,199.98.175.29
519,Cecil,St Ledger,cstledgeree@issuu.com,Male,138.186.205.87
520,Aurea,Brotherhead,abrotherheadef@icio.us,Bigender,237.36.29.53
521,Moll,Rizzini,mrizzinieg@archive.org,Female,174.63.41.133
522,Gay,Pentercost,gpentercosteh@reverbnation.com,Female,163.209.29.160
523,Ed,Phonix,ephonixei@tiny.cc,Male,165.80.172.49
524,Karlotte,Fassmann,kfassmannej@list-manage.com,Female,76.222.17.145
525,Foster,Cornock,fcornockek@ihg.com,Male,64.180.180.104
526,Neilla,Peace,npeaceel@w3.org,Female,79.19.182.134
527,Penelopa,Ramalho,pramalhoem@ocn.ne.jp,Female,205.36.71.225
528,Zorah,Commander,zcommanderen@pinterest.com,Polygender,174.50.179.198
529,Ernst,Kiwitz,ekiwitzeo@scientificamerican.com,Male,113.181.156.16
530,Flem,McCaig,fmccaigep@thetimes.co.uk,Male,196.0.122.136
531,Dun,Kielty,dkieltyeq@theguardian.com,Male,153.186.8.64
532,Gene,Ranyelld,granyellder@xing.com,Male,158.215.18.194
533,Leif,Bewick,lbewickes@foxnews.com,Male,41.120.178.33
534,Jamie,Roger,jrogeret@gizmodo.com,Male,159.177.51.182
535,Ethelyn,Gianninotti,egianninottieu@homestead.com,Female,126.24.120.116
536,Merle,Shearer,mshearerev@nytimes.com,Female,174.86.182.232
537,Sydney,Vell,svellew@delicious.com,Male,133.248.234.224
538,Louise,Palatini,lpalatiniex@theguardian.com,Female,20.54.165.242
539,Carine,Siemianowicz,csiemianowiczey@wunderground.com,Female,186.145.208.225
540,Joanie,Shinner,jshinnerez@disqus.com,Female,98.89.181.239
541,Lowe,Kopelman,lkopelmanf0@illinois.edu,Male,78.100.223.12
542,Morgan,Fasey,mfaseyf1@theglobeandmail.com,Male,47.207.95.187
543,Mickey,Bosher,mbosherf2@goo.ne.jp,Male,189.230.103.135
544,Odetta,Rumbellow,orumbellowf3@ycombinator.com,Female,0.227.204.218
545,Mitch,Capinetti,mcapinettif4@github.com,Male,179.134.230.0
546,Merwyn,Dunbleton,mdunbletonf5@narod.ru,Male,30.230.149.0
547,Sterling,Croft,scroftf6@goo.gl,Male,72.150.24.14
548,Francoise,Hatchette,fhatchettef7@delicious.com,Non-binary,110.30.117.241
549,Sheridan,Dugan,sduganf8@yandex.ru,Male,204.145.75.22
550,Prudi,Shimwell,pshimwellf9@marketwatch.com,Female,70.50.245.36
551,Pooh,Abys,pabysfa@hao123.com,Male,112.134.235.52
552,Albie,Imlaw,aimlawfb@quantcast.com,Male,30.166.39.151
553,Bennie,Kilmurry,bkilmurryfc@amazon.co.uk,Male,65.24.37.16
554,Marcellus,Vaun,mvaunfd@redcross.org,Male,72.47.111.13
555,Rodney,McOmish,rmcomishfe@tamu.edu,Male,2.13.15.136
556,Hercule,Mold,hmoldff@paginegialle.it,Male,53.152.83.29
557,Blondell,Garret,bgarretfg@hostgator.com,Genderfluid,100.14.136.15
558,Maia,Whimpenny,mwhimpennyfh@trellian.com,Female,32.51.211.59
559,Cornall,Buckmaster,cbuckmasterfi@nhs.uk,Male,130.244.118.184
560,Klarrisa,MacSporran,kmacsporranfj@npr.org,Female,176.93.230.21
561,Sher,Cran,scranfk@blogs.com,Female,136.212.2.65
562,Dacia,Wooller,dwoollerfl@admin.ch,Female,171.38.186.186
563,Rowen,Shann,rshannfm@phoca.cz,Male,225.241.144.69
564,Susie,Ridgewell,sridgewellfn@amazon.co.uk,Female,244.171.77.30
565,Upton,Germain,ugermainfo@reddit.com,Male,19.88.33.250
566,Tremain,Dutson,tdutsonfp@imgur.com,Male,9.226.223.197
567,Norbert,Deavin,ndeavinfq@icq.com,Male,23.153.222.118
568,Sula,MacCleod,smaccleodfr@xinhuanet.com,Female,166.205.123.131
569,Anabelle,Macbane,amacbanefs@stanford.edu,Female,13.151.218.104
570,Carmel,Simoncello,csimoncelloft@earthlink.net,Female,74.226.34.15
571,Pansie,Di Biaggi,pdibiaggifu@163.com,Female,7.126.203.151
572,Anton,Horlick,ahorlickfv@pcworld.com,Male,246.53.71.171
573,Gunther,Westover,gwestoverfw@twitter.com,Male,4.40.252.83
574,Hamid,Bailles,hbaillesfx@netlog.com,Male,203.66.142.198
575,Kermit,Rabl,krablfy@scribd.com,Male,254.120.14.166
576,Van,Groll,vgrollfz@merriam-webster.com,Female,230.107.11.211
577,Minna,Mose,mmoseg0@soundcloud.com,Female,148.132.71.128
578,Hadley,Ramble,hrambleg1@yandex.ru,Male,185.48.137.133
579,Renato,Tourry,rtourryg2@java.com,Male,110.53.25.254
580,Glen,Lethbury,glethburyg3@geocities.com,Male,251.198.238.202
581,Pris,Leverton,plevertong4@ask.com,Female,151.59.180.218
582,Gibbie,Rosebotham,grosebothamg5@twitpic.com,Male,30.14.131.243
583,Boot,Steel,bsteelg6@themeforest.net,Male,50.61.225.51
584,Padget,Daniele,pdanieleg7@lycos.com,Male,119.131.113.23
585,Doy,Whithorn,dwhithorng8@nyu.edu,Male,115.108.254.28
586,Jarrod,Lomas,jlomasg9@google.cn,Male,126.216.219.190
587,Guntar,Gracewood,ggracewoodga@cbsnews.com,Male,144.89.201.146
588,Barnard,Spavon,bspavongb@linkedin.com,Male,192.69.227.9
589,Cirstoforo,Marcham,cmarchamgc@altervista.org,Male,32.64.172.187
590,Corly,Willcott,cwillcottgd@hostgator.com,Female,180.179.123.248
591,Jilleen,Bozward,jbozwardge@princeton.edu,Female,128.137.112.110
592,Domenico,Battrick,dbattrickgf@stanford.edu,Bigender,111.231.247.172
593,Derron,Tolussi,dtolussigg@cargocollective.com,Male,164.144.32.255
594,Randell,Orrell,rorrellgh@answers.com,Agender,112.15.212.111
595,Slade,Vlasin,svlasingi@wikipedia.org,Male,243.152.158.204
596,Ophelia,Cardero,ocarderogj@sciencedirect.com,Female,15.226.108.119
597,Erhart,Fellis,efellisgk@phoca.cz,Male,233.128.12.122
598,Brita,Agar,bagargl@twitter.com,Female,128.110.106.92
599,Danni,Devenny,ddevennygm@g.co,Female,251.162.226.128
600,Bar,Rallings,brallingsgn@meetup.com,Male,153.187.246.105
601,Dagmar,Sighart,dsighartgo@google.co.jp,Polygender,57.11.72.20
602,Curry,Rossbrook,crossbrookgp@toplist.cz,Male,129.231.131.72
603,Tim,McCuffie,tmccuffiegq@deviantart.com,Female,105.199.21.227
604,Cherlyn,Seamarke,cseamarkegr@360.cn,Female,232.173.234.141
605,Tina,Allom,tallomgs@tamu.edu,Female,224.120.177.93
606,Simmonds,Lansdale,slansdalegt@deliciousdays.com,Male,23.178.207.182
607,Norah,Wattam,nwattamgu@shutterfly.com,Female,146.61.128.53
608,Smith,Morkham,smorkhamgv@chronoengine.com,Male,46.222.236.227
609,Mable,Bolle,mbollegw@yahoo.co.jp,Female,100.247.181.67
610,Oralia,Chomicz,ochomiczgx@reuters.com,Female,216.172.115.38
611,Elaine,Foxworthy,efoxworthygy@chicagotribune.com,Female,11.52.44.66
612,Fawne,Cleynman,fcleynmangz@godaddy.com,Female,163.130.51.57
613,Clio,Aldis,caldish0@blogger.com,Female,121.31.10.13
614,Ferdinand,Ashurst,fashursth1@topsy.com,Male,28.79.139.98
615,Prisca,Kellen,pkellenh2@xing.com,Female,123.255.221.27
616,Leona,Chazelle,lchazelleh3@netscape.com,Agender,164.215.173.15
617,Sherilyn,Deeman,sdeemanh4@wikipedia.org,Female,84.108.3.108
618,Cassandra,Antonioni,cantonionih5@marriott.com,Female,129.177.98.224
619,Woody,Valerius,wvaleriush6@umich.edu,Genderfluid,6.230.133.241
620,Tiphany,Radage,tradageh7@engadget.com,Female,196.0.183.127
621,Lenard,McSperrin,lmcsperrinh8@macromedia.com,Male,90.231.206.150
622,Kristina,Cruddace,kcruddaceh9@tamu.edu,Female,142.163.10.152
623,Gianina,Swales,gswalesha@slideshare.net,Female,130.125.26.61
624,Janice,Wholesworth,jwholesworthhb@hud.gov,Female,60.83.66.36
625,Cyrille,Nelligan,cnelliganhc@qq.com,Male,121.170.56.157
626,Loutitia,Nattrass,lnattrasshd@un.org,Female,189.180.211.179
627,Griffie,Cheshir,gcheshirhe@arizona.edu,Male,203.140.97.44
628,Fayina,Murthwaite,fmurthwaitehf@scribd.com,Female,162.151.4.217
629,Bebe,Champerlen,bchamperlenhg@barnesandnoble.com,Female,243.238.119.138
630,Dayle,Darwen,ddarwenhh@instagram.com,Female,88.148.29.42
631,Pauly,Magnay,pmagnayhi@nps.gov,Male,88.200.14.194
632,Mikey,Meysham,mmeyshamhj@gizmodo.com,Male,185.181.165.78
633,Harriot,O'Looney,holooneyhk@house.gov,Female,139.56.160.255
634,Lorianne,Kyles,lkyleshl@skype.com,Non-binary,58.136.190.88
635,Celestia,Briscoe,cbriscoehm@netvibes.com,Female,228.15.134.118
636,Catina,Esson,cessonhn@smugmug.com,Female,160.242.126.89
637,Karee,Gathercole,kgathercoleho@pagesperso-orange.fr,Polygender,168.63.81.39
638,Baxter,Gilloran,bgilloranhp@t-online.de,Male,255.129.23.36
639,Ketty,Landre,klandrehq@phoca.cz,Genderqueer,107.184.175.6
640,Gail,Bermingham,gberminghamhr@homestead.com,Female,241.120.67.218
641,Blinnie,Wigginton,bwiggintonhs@usatoday.com,Female,2.177.135.73
642,Nanci,Bethell,nbethellht@mit.edu,Female,188.71.16.152
643,Morty,Neilan,mneilanhu@slashdot.org,Bigender,24.181.196.40
644,Frannie,Southern,fsouthernhv@xrea.com,Male,194.108.62.47
645,Ber,Richarson,bricharsonhw@is.gd,Male,127.220.86.142
646,Chrotoem,Hyman,chymanhx@boston.com,Male,177.160.37.220
647,Nikkie,Roston,nrostonhy@patch.com,Polygender,141.210.18.101
648,Tadeas,Kitcat,tkitcathz@dell.com,Male,195.78.222.70
649,Thomasine,Ferrucci,tferruccii0@artisteer.com,Female,101.218.145.57
650,Tallie,Arpur,tarpuri1@usgs.gov,Male,198.211.240.122
651,Denna,Jentet,djenteti2@example.com,Female,142.10.213.93
652,Erasmus,Raimbauld,eraimbauldi3@seattletimes.com,Male,171.178.210.18
653,Donnell,Iglesiaz,diglesiazi4@flickr.com,Male,56.5.6.11
654,Tiebold,Haslock,thaslocki5@apache.org,Male,36.220.200.242
655,Vi,Curry,vcurryi6@issuu.com,Female,69.51.121.164
656,Clarence,Mourant,cmouranti7@irs.gov,Genderqueer,48.47.152.237
657,Hakeem,Reignard,hreignardi8@disqus.com,Male,134.26.36.73
658,Tristan,Stock,tstocki9@gmpg.org,Male,127.105.106.126
659,Olenolin,Howick,ohowickia@delicious.com,Non-binary,87.124.69.84
660,Glynn,Benardeau,gbenardeauib@ustream.tv,Male,80.247.252.95
661,Lester,Teager,lteageric@bandcamp.com,Male,202.111.102.1
662,Donovan,Conquest,dconquestid@howstuffworks.com,Male,76.201.124.185
663,Althea,Rippingale,arippingaleie@soundcloud.com,Female,32.134.113.244
664,Chantal,Dunsmuir,cdunsmuirif@nsw.gov.au,Female,154.218.43.185
665,Doyle,Pountney,dpountneyig@reuters.com,Male,185.244.188.238
666,Jim,Ramiro,jramiroih@tripadvisor.com,Male,240.140.61.243
667,Mareah,Boor,mboorii@tmall.com,Female,181.230.177.171
668,Marilee,Ashbee,mashbeeij@jugem.jp,Female,188.138.12.99
669,Laurent,Cornbell,lcornbellik@i2i.jp,Male,197.18.10.34
670,Tracie,Klaffs,tklaffsil@wikimedia.org,Female,240.191.223.78
671,Gene,Cartmell,gcartmellim@sogou.com,Male,194.125.119.189
672,Kris,Rosenau,krosenauin@gmpg.org,Male,169.240.217.119
673,Thorndike,Sigsworth,tsigsworthio@weebly.com,Male,8.243.86.131
674,Christoffer,Parres,cparresip@parallels.com,Male,32.119.71.178
675,Calla,Terbeek,cterbeekiq@dailymail.co.uk,Female,191.226.80.198
676,Pace,Lavall,plavallir@hhs.gov,Male,14.138.192.201
677,Brynn,Viveash,bviveashis@amazon.co.uk,Female,157.204.128.34
678,Rooney,Huburn,rhuburnit@issuu.com,Male,228.176.54.75
679,Constantine,Gonneau,cgonneauiu@huffingtonpost.com,Female,238.163.205.84
680,Dre,Basden,dbasdeniv@woothemes.com,Female,78.171.18.199
681,Liam,Scudamore,lscudamoreiw@example.com,Agender,143.157.90.216
682,Hildagard,Eisikovitsh,heisikovitshix@nifty.com,Female,120.214.171.46
683,Melba,Huortic,mhuorticiy@shutterfly.com,Female,54.147.76.60
684,Nert,Cowpertwait,ncowpertwaitiz@bbb.org,Female,214.91.13.161
685,Wenona,Scothron,wscothronj0@nydailynews.com,Female,187.178.67.118
686,Bobinette,Mogg,bmoggj1@pinterest.com,Bigender,71.91.203.214
687,Jeff,Sennett,jsennettj2@sciencedaily.com,Male,215.87.11.108
688,Garv,Vigars,gvigarsj3@dropbox.com,Male,40.92.67.120
689,Odelle,Sedwick,osedwickj4@tinypic.com,Polygender,171.91.3.157
690,Hurlee,O'Brian,hobrianj5@baidu.com,Male,246.125.134.103
691,Samuele,Hillhouse,shillhousej6@redcross.org,Male,21.104.99.246
692,Liza,Hanny,lhannyj7@yahoo.com,Female,189.229.155.62
693,Frayda,Mougenel,fmougenelj8@furl.net,Female,137.141.169.51
694,Emery,Shallcroff,eshallcroffj9@usa.gov,Male,5.251.145.137
695,Wally,Hardaker,whardakerja@ed.gov,Female,205.133.207.49
696,Hurley,Penman,hpenmanjb@vkontakte.ru,Male,249.27.57.95
697,Pepe,Bernuzzi,pbernuzzijc@1und1.de,Male,5.98.55.64
698,Wynn,Coulson,wcoulsonjd@google.fr,Male,15.212.176.125
699,Kiel,Cranshaw,kcranshawje@qq.com,Male,91.113.210.138
700,Kandy,Aronovich,karonovichjf@wufoo.com,Agender,170.246.167.219
701,Morlee,Stelfox,mstelfoxjg@scribd.com,Male,194.16.255.74
702,Lem,Paddon,lpaddonjh@umn.edu,Male,126.223.33.216
703,Yasmin,Glantz,yglantzji@biblegateway.com,Female,73.46.83.105
704,Bria,MacGlory,bmacgloryjj@weibo.com,Female,77.53.126.21
705,Jarred,Foskew,jfoskewjk@webeden.co.uk,Male,87.137.210.120
706,Cristie,Vardy,cvardyjl@walmart.com,Female,188.140.165.12
707,Tammie,Fieller,tfiellerjm@yahoo.co.jp,Male,76.20.187.214
708,Jere,Rantoull,jrantoulljn@amazonaws.com,Male,223.119.229.105
709,Carleton,Grzelewski,cgrzelewskijo@wix.com,Male,133.53.89.175
710,Quintin,Kelcey,qkelceyjp@shutterfly.com,Male,146.143.73.118
711,Tannie,Rumbellow,trumbellowjq@ucoz.com,Male,188.202.253.177
712,Immanuel,Phizackerly,iphizackerlyjr@youtube.com,Male,85.53.216.92
713,Urban,Wardingly,uwardinglyjs@scientificamerican.com,Male,25.213.249.103
714,Sile,Braunfeld,sbraunfeldjt@constantcontact.com,Female,91.85.61.53
715,Glyn,Nelsey,gnelseyju@wired.com,Female,223.178.13.145
716,Max,Schruurs,mschruursjv@jiathis.com,Female,58.155.58.112
717,Consalve,Ronaldson,cronaldsonjw@ox.ac.uk,Male,50.199.233.135
718,Gigi,O'Murtagh,gomurtaghjx@godaddy.com,Female,166.115.203.47
719,Cherie,Bavage,cbavagejy@hostgator.com,Female,93.229.50.68
720,Eydie,Bracchi,ebracchijz@youku.com,Genderfluid,29.104.90.98
721,Deonne,Linscott,dlinscottk0@ycombinator.com,Female,173.243.50.188
722,Salomon,Elvidge,selvidgek1@eepurl.com,Male,160.54.234.252
723,Michelle,Donnersberg,mdonnersbergk2@goo.gl,Female,59.9.66.217
724,Elihu,Peckitt,epeckittk3@techcrunch.com,Male,197.123.162.183
725,Wilie,Gravells,wgravellsk4@webmd.com,Female,141.6.251.179
726,Raddy,Ashwell,rashwellk5@newyorker.com,Male,140.42.169.132
727,Hewett,Gristwood,hgristwoodk6@arstechnica.com,Male,26.171.25.228
728,Sigvard,Cheeke,scheekek7@desdev.cn,Male,202.93.209.71
729,Aleksandr,Daouze,adaouzek8@webeden.co.uk,Male,8.18.126.84
730,Dionisio,Kumar,dkumark9@yale.edu,Male,56.87.2.239
731,Jimmie,Yurevich,jyurevichka@theatlantic.com,Agender,217.180.172.139
732,Raine,Spraging,rspragingkb@wix.com,Female,71.171.146.0
733,Allina,Gerbl,agerblkc@rediff.com,Female,24.218.237.148
734,Teador,Brezlaw,tbrezlawkd@unicef.org,Male,167.197.207.11
735,Sibbie,Fere,sfereke@bandcamp.com,Female,216.67.135.9
736,Marsh,Archibould,marchibouldkf@google.de,Male,147.38.111.100
737,Guillema,Wasmuth,gwasmuthkg@soup.io,Female,4.239.134.208
738,Dniren,Dunn,ddunnkh@prnewswire.com,Female,175.36.68.128
739,Lynelle,Poulglais,lpoulglaiski@seattletimes.com,Female,156.164.193.207
740,Joleen,Burbage,jburbagekj@google.it,Female,206.148.32.48
741,Codi,Adamthwaite,cadamthwaitekk@geocities.com,Male,252.54.125.127
742,Smitty,Paternoster,spaternosterkl@slideshare.net,Male,42.23.152.80
743,Christophorus,Gammon,cgammonkm@drupal.org,Male,75.184.65.104
744,Waneta,Sheirlaw,wsheirlawkn@sphinn.com,Female,27.242.114.223
745,Zorine,Snelman,zsnelmanko@shinystat.com,Female,225.58.221.185
746,Coralyn,Choppin,cchoppinkp@mapy.cz,Female,178.123.131.239
747,Gonzalo,Scamadin,gscamadinkq@networkadvertising.org,Male,5.87.209.124
748,Petrina,Huortic,phuortickr@taobao.com,Female,165.84.232.73
749,Parke,Filipychev,pfilipychevks@parallels.com,Male,186.196.147.76
750,Winne,Schuelcke,wschuelckekt@nature.com,Female,212.84.27.172
751,Glen,Gavey,ggaveyku@who.int,Male,73.77.2.157
752,Gisella,Barbisch,gbarbischkv@house.gov,Female,230.116.79.197
753,Tedmund,Chsteney,tchsteneykw@devhub.com,Male,100.97.196.23
754,Noelle,Hatliffe,nhatliffekx@flavors.me,Female,140.216.49.207
755,Ruthanne,Brooksbank,rbrooksbankky@biglobe.ne.jp,Non-binary,102.101.202.77
756,Barton,Kelleway,bkellewaykz@barnesandnoble.com,Male,62.245.251.200
757,Ben,Carlozzi,bcarlozzil0@4shared.com,Male,195.72.74.192
758,Antonie,Aikenhead,aaikenheadl1@wikimedia.org,Female,119.224.50.70
759,Mellisent,Geator,mgeatorl2@narod.ru,Female,148.168.120.161
760,Kathy,Duly,kdulyl3@amazon.de,Female,197.189.249.240
761,Brigit,Lodevick,blodevickl4@unc.edu,Female,181.220.5.57
762,Marys,Grinham,mgrinhaml5@hc360.com,Female,35.188.44.118
763,Olag,Latek,olatekl6@ameblo.jp,Male,128.203.196.103
764,Danyette,Purviss,dpurvissl7@histats.com,Female,158.192.243.28
765,Fay,McFfaden,fmcffadenl8@shutterfly.com,Female,3.4.194.163
766,Bernarr,Donoher,bdonoherl9@noaa.gov,Male,145.253.58.177
767,Alex,Wyllie,awylliela@mac.com,Female,143.102.109.3
768,Karalynn,Dawid,kdawidlb@quantcast.com,Female,61.227.33.119
769,Angil,Galey,agaleylc@naver.com,Female,180.73.89.30
770,Caria,Zamora,czamorald@infoseek.co.jp,Female,241.214.178.85
771,Cthrine,Eaden,ceadenle@mozilla.com,Female,85.182.133.5
772,Aggie,Caldron,acaldronlf@is.gd,Female,127.110.178.193
773,Alisander,Stuart,astuartlg@youtube.com,Male,11.74.229.66
774,Bogart,Vaar,bvaarlh@scribd.com,Male,189.44.149.162
775,Celisse,Jeaves,cjeavesli@csmonitor.com,Female,87.156.144.159
776,Arabela,Salmons,asalmonslj@i2i.jp,Female,114.68.135.86
777,Sadye,Buzek,sbuzeklk@apache.org,Non-binary,168.101.63.75
778,Marcie,Hills,mhillsll@1und1.de,Female,66.136.173.35
779,Tiffie,Polleye,tpolleyelm@phoca.cz,Agender,222.115.112.52
780,Gray,Brickwood,gbrickwoodln@linkedin.com,Male,18.221.234.63
781,Cassius,Boteman,cbotemanlo@ft.com,Male,2.243.251.173
782,Jerri,Stiell,jstielllp@timesonline.co.uk,Male,251.147.25.122
783,Elwood,Hayto,ehaytolq@studiopress.com,Male,71.245.73.158
784,Winna,Petris,wpetrislr@sitemeter.com,Female,149.187.198.244
785,Law,Ludy,lludyls@guardian.co.uk,Male,150.250.242.81
786,Codee,Abercrombie,cabercrombielt@cloudflare.com,Female,44.199.183.215
787,Marlo,Batts,mbattslu@ted.com,Female,12.215.229.92
788,Lin,Slott,lslottlv@cornell.edu,Female,167.57.214.60
789,Doralyn,McManamen,dmcmanamenlw@washingtonpost.com,Female,56.206.253.146
790,Marcy,Smallsman,msmallsmanlx@shop-pro.jp,Non-binary,132.23.2.198
791,Roger,Atwool,ratwoolly@java.com,Genderqueer,186.244.245.77
792,Melly,Bennington,mbenningtonlz@dailymotion.com,Female,170.206.142.151
793,Marcy,Eilhermann,meilhermannm0@pcworld.com,Female,30.119.3.131
794,Zorah,Inns,zinnsm1@usa.gov,Female,209.73.107.7
795,Malena,Cloney,mcloneym2@cloudflare.com,Female,242.64.122.121
796,Leanor,Maciejewski,lmaciejewskim3@simplemachines.org,Female,239.222.36.75
797,Ransom,Izkovicz,rizkoviczm4@printfriendly.com,Bigender,173.175.130.250
798,Rozina,Fancy,rfancym5@google.co.jp,Female,75.146.1.218
799,Lazaro,Crayton,lcraytonm6@baidu.com,Male,0.47.33.182
800,Hamil,Rubee,hrubeem7@mtv.com,Male,88.244.78.39
801,Addy,Banasevich,abanasevichm8@vistaprint.com,Male,255.219.211.135
802,Hayward,Teeney,hteeneym9@abc.net.au,Male,124.51.167.254
803,Skyler,Emeney,semeneyma@cafepress.com,Male,223.136.246.36
804,Liesa,Bener,lbenermb@vistaprint.com,Female,80.226.247.218
805,Bidget,Lestrange,blestrangemc@amazon.co.uk,Female,19.105.32.136
806,Karolina,Ludgate,kludgatemd@geocities.jp,Female,119.194.124.150
807,Ravi,Bartalot,rbartalotme@oracle.com,Male,183.6.10.52
808,Claudian,Soames,csoamesmf@dyndns.org,Male,104.53.230.157
809,Gearalt,Morad,gmoradmg@usnews.com,Non-binary,85.209.168.189
810,Noland,Lampens,nlampensmh@hibu.com,Male,75.200.171.107
811,Guenna,Kielty,gkieltymi@uiuc.edu,Female,123.249.181.45
812,Emelina,Clinkard,eclinkardmj@bandcamp.com,Female,159.130.0.103
813,Kerrill,Forde,kfordemk@illinois.edu,Polygender,70.143.68.98
814,Ophelia,Roy,oroyml@smh.com.au,Polygender,248.54.69.124
815,Gerhard,Legerwood,glegerwoodmm@friendfeed.com,Agender,102.64.89.150
816,Hilton,Standbridge,hstandbridgemn@fda.gov,Male,115.136.5.123
817,Kelsi,Romand,kromandmo@google.com,Female,167.146.143.186
818,Jacques,Farryan,jfarryanmp@sohu.com,Male,247.159.67.244
819,Broddie,Pimme,bpimmemq@samsung.com,Male,24.61.244.149
820,Hollis,Hruska,hhruskamr@tiny.cc,Male,7.246.3.134
821,Vladamir,Sabie,vsabiems@google.co.uk,Genderqueer,168.227.48.136
822,Trip,Beacock,tbeacockmt@arizona.edu,Male,199.84.255.81
823,Madelin,Gioani,mgioanimu@mayoclinic.com,Female,25.127.12.9
824,Katina,Menelaws,kmenelawsmv@gizmodo.com,Female,199.16.4.224
825,Celisse,Kyncl,ckynclmw@redcross.org,Female,60.236.224.71
826,Zenia,Grover,zgrovermx@cafepress.com,Female,139.226.71.27
827,Merle,Sawbridge,msawbridgemy@friendfeed.com,Male,180.59.49.160
828,Lodovico,Wagstaffe,lwagstaffemz@china.com.cn,Male,50.8.58.127
829,Cooper,Topham,ctophamn0@friendfeed.com,Male,106.99.243.181
830,Minni,Merveille,mmerveillen1@google.es,Female,42.129.242.137
831,Giraldo,Auchterlony,gauchterlonyn2@epa.gov,Male,85.227.236.130
832,Benoite,Asbury,basburyn3@fotki.com,Female,111.247.79.205
833,Nil,Segoe,nsegoen4@51.la,Male,215.187.133.228
834,Tybi,Hirjak,thirjakn5@so-net.ne.jp,Female,22.203.24.134
835,Roseann,Veall,rvealln6@cargocollective.com,Female,104.140.216.27
836,Lynnelle,Weathers,lweathersn7@ifeng.com,Bigender,143.64.21.204
837,Noland,Rollason,nrollasonn8@usa.gov,Male,71.48.112.75
838,Jarret,Charrington,jcharringtonn9@cam.ac.uk,Male,127.119.34.208
839,Etti,Broyd,ebroydna@shinystat.com,Female,237.20.90.102
840,Carmelina,Yalden,cyaldennb@phpbb.com,Female,169.125.253.158
841,Dexter,Ewen,dewennc@ca.gov,Male,111.183.187.93
842,Ame,Merrilees,amerrileesnd@squarespace.com,Female,7.242.124.127
843,Libby,Viegas,lviegasne@pbs.org,Female,47.186.192.104
844,Gun,Izakof,gizakofnf@github.com,Male,9.48.229.239
845,Bernard,Tarbet,btarbetng@yellowpages.com,Male,171.218.29.189
846,Casar,Libreros,clibrerosnh@tinyurl.com,Male,20.242.67.178
847,Kirsten,Humbell,khumbellni@reverbnation.com,Female,235.25.142.207
848,Nickey,Youster,nyousternj@weather.com,Male,63.146.33.228
849,Russell,Conrard,rconrardnk@google.pl,Male,42.69.118.187
850,Trudy,Dearth,tdearthnl@sitemeter.com,Female,250.201.188.75
851,Felix,Francke,ffranckenm@princeton.edu,Male,115.173.137.85
852,Sonny,Lamyman,slamymannn@bizjournals.com,Male,148.21.167.199
853,Yehudi,Hotson,yhotsonno@vinaora.com,Male,185.40.35.104
854,Dennet,Dafter,ddafternp@hao123.com,Male,167.227.80.9
855,Babbie,Haskett,bhaskettnq@163.com,Female,244.47.204.196
856,Orren,Berthod,oberthodnr@cdbaby.com,Male,197.163.21.67
857,Allix,Le Leu,aleleuns@vinaora.com,Female,57.66.95.62
858,Celestyna,Mulqueen,cmulqueennt@discovery.com,Female,33.30.132.237
859,Dorelle,Ruger,drugernu@rambler.ru,Female,85.161.90.224
860,Madonna,Sirmond,msirmondnv@gizmodo.com,Female,145.72.49.16
861,Elisabet,Standingford,estandingfordnw@hugedomains.com,Female,233.164.29.3
862,Currie,Blight,cblightnx@ovh.net,Male,13.11.235.3
863,Teresina,Danser,tdanserny@parallels.com,Female,134.131.36.85
864,Isac,Jamrowicz,ijamrowicznz@webs.com,Male,196.183.86.65
865,Joaquin,Selesnick,jselesnicko0@yandex.ru,Male,251.34.88.205
866,Sigrid,Searl,ssearlo1@taobao.com,Female,56.99.101.174
867,Kathy,Hadye,khadyeo2@is.gd,Female,7.195.135.119
868,Kaiser,Timby,ktimbyo3@seesaa.net,Male,147.244.218.216
869,Keary,Westbrook,kwestbrooko4@nba.com,Male,97.225.249.146
870,Griffie,Burnhard,gburnhardo5@rakuten.co.jp,Male,154.226.28.132
871,Neill,Hickisson,nhickissono6@webmd.com,Male,73.111.234.147
872,Winonah,Goncalo,wgoncaloo7@japanpost.jp,Female,88.202.167.115
873,Charley,Grasser,cgrassero8@newyorker.com,Male,186.255.88.199
874,Kordula,Burriss,kburrisso9@dion.ne.jp,Female,122.197.31.245
875,Nate,Whiffen,nwhiffenoa@soundcloud.com,Male,202.64.150.39
876,Neile,Jennaway,njennawayob@opensource.org,Female,186.38.86.166
877,Stanislas,Jedrzejczak,sjedrzejczakoc@china.com.cn,Male,21.44.151.20
878,Rene,Aizikovitch,raizikovitchod@unblog.fr,Genderqueer,164.103.59.92
879,Kiele,Delacote,kdelacoteoe@sun.com,Female,47.79.62.210
880,Geoff,McTear,gmctearof@github.io,Male,209.82.159.172
881,Amara,Hubery,ahuberyog@tuttocitta.it,Female,221.201.92.107
882,Jaymee,Jurges,jjurgesoh@marketwatch.com,Female,5.142.187.201
883,Jeanne,Sexcey,jsexceyoi@illinois.edu,Female,115.164.11.191
884,Brett,Diver,bdiveroj@soup.io,Male,221.177.219.150
885,Ogdon,Murkin,omurkinok@biblegateway.com,Male,22.106.137.220
886,Murvyn,Pennicott,mpennicottol@craigslist.org,Genderqueer,121.43.82.147
887,Lexis,MacKomb,lmackombom@engadget.com,Female,19.137.16.169
888,Dexter,Linge,dlingeon@indiegogo.com,Male,192.9.179.74
889,Saundra,Strase,sstraseoo@cdbaby.com,Male,116.21.158.200
890,Griffin,Oldcote,goldcoteop@ow.ly,Male,52.40.57.115
891,Ulberto,Fernyhough,ufernyhoughoq@xing.com,Male,52.14.183.97
892,Darnall,Canon,dcanonor@example.com,Bigender,194.122.144.70
893,Theresita,Maltster,tmaltsteros@squarespace.com,Female,45.133.53.77
894,Karly,Darch,kdarchot@whitehouse.gov,Female,64.98.181.177
895,Tad,Sant,tsantou@dyndns.org,Male,104.77.16.207
896,Malinde,Riediger,mriedigerov@live.com,Female,103.144.254.200
897,Martguerita,McKirdy,mmckirdyow@infoseek.co.jp,Female,158.100.64.18
898,Trev,Stockhill,tstockhillox@prlog.org,Male,3.10.68.158
899,Quinton,Cresser,qcresseroy@edublogs.org,Male,106.143.68.36
900,Susannah,Figure,sfigureoz@ed.gov,Female,104.51.252.58
901,Ronda,Chomicz,rchomiczp0@wikipedia.org,Female,124.26.129.47
902,Fayth,Huggill,fhuggillp1@upenn.edu,Female,195.90.126.41
903,Anders,Gascoyne,agascoynep2@trellian.com,Male,165.100.74.64
904,Lisha,Gleder,lglederp3@ted.com,Female,79.39.68.36
905,Myron,Jovasevic,mjovasevicp4@google.de,Male,144.170.138.44
906,Reagan,Ziemens,rziemensp5@census.gov,Male,148.190.179.85
907,Renae,Allon,rallonp6@bing.com,Female,237.210.36.95
908,Antonietta,McGeown,amcgeownp7@i2i.jp,Female,160.155.15.99
909,Osmond,Biagi,obiagip8@sakura.ne.jp,Polygender,63.86.238.108
910,Cherry,Booley,cbooleyp9@mozilla.org,Female,93.154.73.235
911,Kath,Lindbergh,klindberghpa@shinystat.com,Female,195.105.106.254
912,Reinwald,Mainds,rmaindspb@google.com,Male,1.158.179.114
913,Daron,Hellicar,dhellicarpc@cbsnews.com,Female,247.161.139.157
914,Petra,de Keep,pdekeeppd@cloudflare.com,Female,74.228.46.161
915,Zorina,Maddie,zmaddiepe@yahoo.com,Female,137.34.114.32
916,Fernandina,Jorat,fjoratpf@sina.com.cn,Female,56.91.130.205
917,Else,Coopey,ecoopeypg@digg.com,Female,159.92.254.164
918,Eartha,MacCrossan,emaccrossanph@ebay.co.uk,Female,244.128.141.98
919,Niall,Harsum,nharsumpi@infoseek.co.jp,Non-binary,68.118.151.16
920,Arley,Poletto,apolettopj@addtoany.com,Male,233.233.201.205
921,Wayne,Deguara,wdeguarapk@thetimes.co.uk,Male,26.31.76.200
922,Marlie,Robeson,mrobesonpl@buzzfeed.com,Female,132.232.126.34
923,Berty,Delhay,bdelhaypm@naver.com,Male,229.145.7.187
924,Warner,Sargent,wsargentpn@example.com,Male,195.196.141.126
925,Ransom,Brawson,rbrawsonpo@flavors.me,Male,99.204.73.155
926,Pearline,Messitt,pmessittpp@1und1.de,Genderfluid,230.182.202.115
927,Giacomo,Slide,gslidepq@latimes.com,Male,42.31.193.121
928,Riccardo,While,rwhilepr@mashable.com,Male,97.37.166.182
929,Natalya,Sellwood,nsellwoodps@smugmug.com,Female,208.229.8.236
930,Ashien,Abramowitch,aabramowitchpt@surveymonkey.com,Female,246.13.160.125
931,Jamie,Lambourne,jlambournepu@ca.gov,Male,240.156.134.182
932,Marlo,Sexcey,msexceypv@hibu.com,Genderfluid,133.165.120.197
933,Leroy,Adderson,laddersonpw@economist.com,Male,220.53.191.184
934,Karlie,Gehricke,kgehrickepx@twitpic.com,Female,223.60.53.176
935,Malia,Aldhouse,maldhousepy@smh.com.au,Female,83.66.33.252
936,Morty,Sherry,msherrypz@irs.gov,Male,196.197.35.132
937,Heath,Itzhaiek,hitzhaiekq0@prlog.org,Male,219.243.214.22
938,Cheryl,Bulled,cbulledq1@salon.com,Female,169.213.151.212
939,Kelwin,Spencer,kspencerq2@eepurl.com,Male,255.221.80.235
940,Danette,Birrel,dbirrelq3@skyrock.com,Female,212.179.61.8
941,Grove,Davitashvili,gdavitashviliq4@tiny.cc,Male,62.41.119.183
942,Jory,Hartle,jhartleq5@scientificamerican.com,Male,22.205.151.49
943,Judd,Wink,jwinkq6@toplist.cz,Male,216.80.11.248
944,Marna,Emms,memmsq7@boston.com,Female,64.56.50.215
945,Kalina,Stonelake,kstonelakeq8@sitemeter.com,Female,179.241.226.200
946,Ana,Grocock,agrocockq9@seattletimes.com,Female,180.35.172.72
947,Dorita,Witsey,dwitseyqa@stumbleupon.com,Female,198.57.58.229
948,Karly,Tibbs,ktibbsqb@fema.gov,Female,91.80.103.249
949,Danna,Ebsworth,debsworthqc@bloomberg.com,Female,182.120.13.191
950,Dicky,Gallatly,dgallatlyqd@wordpress.org,Male,84.218.130.206
951,Velma,Bodill,vbodillqe@unc.edu,Female,124.52.61.120
952,Anetta,Fayers,afayersqf@unicef.org,Female,110.1.235.110
953,Brynne,Woodthorpe,bwoodthorpeqg@patch.com,Agender,10.247.110.191
954,Sylvester,Binnion,sbinnionqh@xing.com,Bigender,169.240.108.177
955,Morgen,Devoy,mdevoyqi@seesaa.net,Female,163.213.57.229
956,Gage,Ravenscroft,gravenscroftqj@hubpages.com,Male,155.107.213.229
957,Michaella,Otley,motleyqk@pcworld.com,Female,84.24.16.228
958,Hubey,Stickells,hstickellsql@cisco.com,Male,17.165.199.240
959,Obediah,Banck,obanckqm@cdbaby.com,Male,7.41.15.54
960,Burg,Rilings,brilingsqn@soundcloud.com,Male,0.153.230.144
961,Waite,Carrington,wcarringtonqo@buzzfeed.com,Male,105.127.23.85
962,Philip,Bassom,pbassomqp@altervista.org,Male,213.208.133.75
963,Caro,Minucci,cminucciqq@blinklist.com,Female,123.4.97.161
964,Shay,Heckle,sheckleqr@stanford.edu,Male,245.188.127.124
965,Modestine,Perrelle,mperrelleqs@comcast.net,Female,196.139.225.69
966,Ofilia,Jacobsson,ojacobssonqt@sphinn.com,Genderfluid,122.189.96.190
967,Alix,Purdy,apurdyqu@github.io,Male,45.139.137.150
968,Dulce,Swann,dswannqv@cargocollective.com,Female,56.115.150.54
969,Maureen,Soar,msoarqw@angelfire.com,Female,212.146.200.149
970,Richmound,Scramage,rscramageqx@addtoany.com,Male,12.174.55.44
971,Micaela,O' Connell,moconnellqy@live.com,Female,72.117.158.232
972,Delphinia,Bollans,dbollansqz@goo.gl,Female,188.68.12.154
973,Flory,Woolatt,fwoolattr0@posterous.com,Male,219.127.144.69
974,Gracia,Jolliffe,gjolliffer1@vistaprint.com,Female,64.63.142.37
975,Davis,Brighouse,dbrighouser2@umich.edu,Male,34.244.74.111
976,Caty,Hovel,chovelr3@utexas.edu,Genderqueer,25.190.180.53
977,Quinta,Pyson,qpysonr4@sbwire.com,Female,63.193.87.3
978,Gino,McIlvenna,gmcilvennar5@jugem.jp,Male,180.40.73.39
979,Ainslie,Enderby,aenderbyr6@deviantart.com,Female,211.68.178.104
980,Willetta,Battany,wbattanyr7@redcross.org,Female,117.95.111.189
981,Gregory,Allsobrook,gallsobrookr8@ftc.gov,Male,153.255.157.5
982,Kendall,Thrustle,kthrustler9@moonfruit.com,Genderfluid,247.224.177.2
983,Kleon,Spindler,kspindlerra@printfriendly.com,Male,143.207.242.248
984,Carrie,Gilford,cgilfordrb@prlog.org,Female,91.150.28.209
985,Kaia,Whaymand,kwhaymandrc@cbsnews.com,Female,223.245.63.239
986,Traci,Purchon,tpurchonrd@telegraph.co.uk,Female,87.68.122.152
987,Patrick,Karpol,pkarpolre@skype.com,Male,207.182.36.127
988,Barnett,Goss,bgossrf@mtv.com,Male,43.7.141.157
989,Nathan,Lerego,nleregorg@privacy.gov.au,Non-binary,77.133.142.5
990,Brandyn,Kopta,bkoptarh@wordpress.com,Genderfluid,38.52.97.12
991,Lianne,Stancer,lstancerri@google.com.hk,Genderfluid,165.190.36.229
992,Franz,Napier,fnapierrj@usa.gov,Male,185.13.47.237
993,Sully,Swannick,sswannickrk@mit.edu,Male,197.251.95.102
994,Rosella,Condell,rcondellrl@topsy.com,Female,240.121.217.61
995,Anna-maria,Tyght,atyghtrm@prnewswire.com,Female,199.132.228.0
996,Adelheid,Coughlan,acoughlanrn@flickr.com,Female,37.243.193.98
997,Linn,Purcell,lpurcellro@wisc.edu,Female,34.48.178.189
998,Urbain,Feare,ufearerp@craigslist.org,Male,59.209.113.10
999,Boony,Thornley,bthornleyrq@csmonitor.com,Male,150.127.46.69
1000,Emogene,Baines,ebainesrr@bloomberg.com,Female,155.65.118.6
