id,first_name,last_name,email,gender,ip_address
1,Tod,Corselles,tcorselles0@blinklist.com,Non-binary,177.8.186.228
2,Gunar,Whenman,gwhenman1@mozilla.com,Male,189.142.21.192
3,Tyrus,Grayley,tgrayley2@bloglines.com,Male,192.31.245.119
4,Curry,Hadny,chadny3@wordpress.com,Male,110.105.31.23
5,Gaby,Sylvester,gsylvester4@google.it,Female,249.125.236.76
6,Susan,Leban,sleban5@chicagotribune.com,Female,195.0.212.210
7,Bo,St Clair,bstclair6@hc360.com,Male,27.96.214.127
8,Aurore,Grenville,agrenville7@wufoo.com,Female,75.26.89.161
9,Herb,Chomicki,hchomicki8@jiathis.com,Male,153.146.80.237
10,Filmer,Merner,fmerner9@answers.com,Male,145.121.208.63
11,Allan,Fyrth,afyrtha@icio.us,Non-binary,159.76.207.194
12,Clemente,Cuzen,ccuzenb@feedburner.com,Male,88.156.132.195
13,Darryl,Copo,dcopoc@xrea.com,Male,167.39.77.132
14,Shawn,Bartak,sbartakd@theatlantic.com,Polygender,183.174.5.50
15,Jessika,Bagguley,jbagguleye@jugem.jp,Female,114.208.1.99
16,Cirstoforo,Aaron,caaronf@dailymail.co.uk,Male,247.243.119.38
17,Moritz,Guymer,mguymerg@samsung.com,Male,123.49.159.97
18,Eliot,Deaves,edeavesh@nytimes.com,Male,151.231.13.153
19,Devan,Niesegen,dniesegeni@vkontakte.ru,Female,200.88.98.243
20,Caressa,Chubb,cchubbj@xrea.com,Female,208.12.230.243
21,Loella,Adriaan,ladriaank@auda.org.au,Female,219.27.183.86
22,Ham,Swale,hswalel@a8.net,Male,55.51.255.4
23,Dunstan,Rowlson,drowlsonm@blogtalkradio.com,Male,221.158.247.225
24,Effie,McGonnell,emcgonnelln@bloomberg.com,Female,165.76.67.186
25,Sabrina,Agar,sagaro@pcworld.com,Female,44.78.103.156
26,Esma,MacClinton,emacclintonp@sohu.com,Female,34.130.208.159
27,Odie,Bifield,obifieldq@miitbeian.gov.cn,Male,56.28.54.249
28,Timmy,Polo,tpolor@infoseek.co.jp,Male,75.43.161.102
29,Ricard,Pavelka,rpavelkas@google.cn,Male,241.109.201.176
30,Nobe,Wilcox,nwilcoxt@independent.co.uk,Male,8.175.122.167
31,Donnell,Grinnell,dgrinnellu@acquirethisname.com,Male,147.4.112.123
32,Kevin,Harriagn,kharriagnv@acquirethisname.com,Polygender,194.238.63.100
33,Jacqueline,Kegg,jkeggw@typepad.com,Female,127.77.153.72
34,Emmalynne,Cicchinelli,ecicchinellix@vkontakte.ru,Female,3.96.50.93
35,Rafael,Hexum,rhexumy@blinklist.com,Male,237.195.59.60
36,Laurie,Benning,lbenningz@linkedin.com,Male,82.10.44.15
37,Luella,Rosendorf,lrosendorf10@addtoany.com,Female,13.227.28.200
38,Archie,Pozzi,apozzi11@mozilla.org,Male,214.161.169.117
39,Ida,Stockbridge,istockbridge12@is.gd,Female,166.3.179.139
40,Jennette,Gothard,jgothard13@irs.gov,Female,245.243.153.49
41,Nollie,Davidsen,ndavidsen14@shinystat.com,Polygender,243.77.193.120
42,Gwyneth,Creevy,gcreevy15@globo.com,Female,144.231.33.193
43,Adolphus,Chessman,achessman16@redcross.org,Male,186.95.85.51
44,Teddie,Hemphall,themphall17@hhs.gov,Male,193.250.207.39
45,Ardath,Gledstane,agledstane18@house.gov,Non-binary,118.101.34.158
46,Tedd,Goodhall,tgoodhall19@i2i.jp,Male,184.37.241.141
47,Heddi,Faussett,hfaussett1a@cdc.gov,Female,46.18.129.155
48,Tasha,Matuskiewicz,tmatuskiewicz1b@vistaprint.com,Female,43.204.230.206
49,Chickie,Anthes,canthes1c@army.mil,Female,184.153.42.48
50,Lezlie,Zapatero,lzapatero1d@hostgator.com,Female,126.30.19.108
51,Maighdiln,Inmett,minmett1e@ezinearticles.com,Female,144.165.241.6
52,Bunni,Benedit,bbenedit1f@cnn.com,Female,28.10.167.136
53,Waylan,Leishman,wleishman1g@meetup.com,Male,243.172.140.45
54,Terrel,Sutworth,tsutworth1h@dion.ne.jp,Male,131.102.73.230
55,Erek,Schiersch,eschiersch1i@lycos.com,Male,126.85.213.43
56,Urbano,Schlagtmans,uschlagtmans1j@ebay.com,Male,203.68.210.32
57,Trent,Kimbell,tkimbell1k@flavors.me,Male,144.162.231.231
58,Malia,MacGaffey,mmacgaffey1l@soup.io,Female,129.233.16.224
59,Katya,Tring,ktring1m@creativecommons.org,Agender,199.122.227.250
60,Benoit,Gaunter,bgaunter1n@t-online.de,Male,249.219.207.76
61,August,Smithson,asmithson1o@linkedin.com,Male,209.23.93.129
62,Baron,Goodliff,bgoodliff1p@w3.org,Male,226.85.135.161
63,Berty,Joice,bjoice1q@vkontakte.ru,Female,217.109.19.126
64,Adena,Gerlts,agerlts1r@posterous.com,Female,198.38.89.171
65,Noam,Leheude,nleheude1s@seattletimes.com,Male,178.157.25.42
66,Royall,Bramwell,rbramwell1t@wunderground.com,Male,223.58.195.30
67,Tasia,Buckler,tbuckler1u@t.co,Female,102.242.202.98
68,Graeme,Jakoubec,gjakoubec1v@whitehouse.gov,Male,203.52.225.51
69,Tabitha,Bellelli,tbellelli1w@posterous.com,Female,142.162.139.101
70,Karoline,Bartosinski,kbartosinski1x@a8.net,Female,132.208.79.143
71,Hayward,Temple,htemple1y@ted.com,Male,230.152.206.176
72,Carlyn,Reddy,creddy1z@creativecommons.org,Female,31.9.124.178
73,Janey,Freeborn,jfreeborn20@oracle.com,Female,113.25.235.5
74,Shelli,Reddihough,sreddihough21@tinypic.com,Female,22.228.77.243
75,Norbert,Cheeke,ncheeke22@clickbank.net,Male,235.31.135.137
76,Granger,Gaynsford,ggaynsford23@yelp.com,Male,22.144.55.79
77,Arne,Carrane,acarrane24@mit.edu,Male,226.243.63.210
78,Sheila,Lalevee,slalevee25@youku.com,Female,245.150.107.158
79,Karol,Pitceathly,kpitceathly26@nytimes.com,Female,16.249.114.172
80,Marlene,Horbath,mhorbath27@de.vu,Female,54.193.67.65
81,Kathy,Hallahan,khallahan28@squarespace.com,Female,178.143.6.144
82,Helenelizabeth,Shipston,hshipston29@sina.com.cn,Female,5.200.136.113
83,Marge,Monahan,mmonahan2a@msn.com,Female,146.172.206.86
84,Betti,O'Rourke,borourke2b@vistaprint.com,Bigender,207.232.68.55
85,Antons,Gavey,agavey2c@cbsnews.com,Male,160.125.65.147
86,Arlen,Gonning,agonning2d@squidoo.com,Female,76.12.128.102
87,Hersh,Morby,hmorby2e@jiathis.com,Male,70.187.206.163
88,Court,Pering,cpering2f@goo.ne.jp,Male,160.16.91.184
89,Robyn,Binney,rbinney2g@sphinn.com,Female,89.77.33.9
90,Michail,Lipmann,mlipmann2h@mtv.com,Male,20.203.75.145
91,Lezley,Whifen,lwhifen2i@topsy.com,Non-binary,221.45.241.61
92,Guthrey,Linnemann,glinnemann2j@businessweek.com,Male,172.106.50.232
93,Dania,Saby,dsaby2k@prnewswire.com,Female,197.214.87.217
94,Cara,Helian,chelian2l@ft.com,Female,128.199.180.245
95,Owen,Brabban,obrabban2m@quantcast.com,Male,8.16.177.236
96,Amelina,Troy,atroy2n@360.cn,Genderqueer,87.109.241.171
97,Evin,Jasiak,ejasiak2o@prnewswire.com,Male,200.98.166.120
98,Alisun,Scanterbury,ascanterbury2p@networkadvertising.org,Female,202.183.162.51
99,Gorden,Golledge,ggolledge2q@cloudflare.com,Male,177.141.47.146
100,Torrin,Jakel,tjakel2r@shop-pro.jp,Male,104.69.121.19
