id,first_name,last_name,email,gender,ip_address
1,Kirbee,Fandrich,kfandrich0@mail.ru,Female,205.175.255.193
2,Andra,Deeth,adeeth1@gravatar.com,Female,28.119.70.131
3,Ollie,Dunne,odunne2@creativecommons.org,Male,58.165.253.15
4,Derby,Schenkel,dschenkel3@chicagotribune.com,Male,50.117.81.64
5,Whittaker,Mathou,wmathou4@latimes.com,Male,42.103.46.155
6,Shel,Jerratsch,sjerratsch5@stumbleupon.com,Female,211.76.86.206
7,Albert,Valentin,avalentin6@clickbank.net,Male,249.150.17.152
8,Nikolaus,Rossoni,nrossoni7@behance.net,Male,1.222.119.5
9,Zechariah,Jermyn,zjermyn8@bloomberg.com,Male,7.253.186.34
10,Averil,Wakely,awakely9@springer.com,Female,195.70.124.39
11,Letty,Skinner,lskinnera@squarespace.com,Female,167.220.209.84
12,Lyell,Cordeux,lcordeuxb@posterous.com,Male,84.61.120.216
13,Malinde,Schultz,mschultzc@google.co.uk,Female,201.97.230.26
14,Marybelle,Leyninye,mleyninyed@nifty.com,Female,208.91.44.194
15,Wally,Sallows,wsallowse@paypal.com,Male,200.35.153.210
16,Cleve,Buckner,cbucknerf@elegantthemes.com,Male,11.233.0.9
17,Benedetta,Mountcastle,bmountcastleg@list-manage.com,Non-binary,78.238.173.23
18,Courtney,Berthomier,cberthomierh@imageshack.us,Female,113.57.249.25
19,Angelika,Dudson,adudsoni@flickr.com,Female,222.77.27.191
20,Andrea,Wasielewski,awasielewskij@weather.com,Male,153.117.18.53
21,Erastus,Hancke,ehanckek@hostgator.com,Male,162.8.143.36
22,Fredek,Switzer,fswitzerl@phpbb.com,Male,172.150.103.40
23,Katey,McGriffin,kmcgriffinm@alibaba.com,Female,185.6.222.205
24,Stacy,Shambrooke,sshambrooken@oracle.com,Genderqueer,19.62.23.168
25,Ketty,Black,kblacko@guardian.co.uk,Female,31.254.123.116
26,Margret,Babington,mbabingtonp@forbes.com,Female,101.225.231.100
27,Gaylor,Cristoferi,gcristoferiq@ocn.ne.jp,Genderqueer,231.68.141.59
28,Friedrick,Chillistone,fchillistoner@answers.com,Male,161.253.247.25
29,Kessia,Menico,kmenicos@un.org,Female,141.221.250.163
30,Inness,McFarland,imcfarlandt@canalblog.com,Bigender,123.69.149.185
31,Sande,Bohan,sbohanu@woothemes.com,Female,216.105.16.248
32,Doug,Vondrasek,dvondrasekv@parallels.com,Polygender,14.254.240.137
33,Nichols,Goodings,ngoodingsw@ehow.com,Male,190.85.91.229
34,Bridgette,Shyram,bshyramx@cyberchimps.com,Female,137.98.137.140
35,Marcia,Tuohy,mtuohyy@canalblog.com,Female,131.164.185.218
36,Pamela,Parmby,pparmbyz@netlog.com,Female,72.102.113.53
37,Hermine,Murley,hmurley10@xrea.com,Female,8.28.255.48
38,Sydelle,Arnecke,sarnecke11@twitter.com,Female,69.180.250.246
39,Hayden,Dibdall,hdibdall12@google.cn,Male,179.9.163.185
40,Bard,Grestye,bgrestye13@dailymotion.com,Male,59.207.68.243
41,Scot,Delucia,sdelucia14@comsenz.com,Male,53.54.213.136
42,Ikey,Povey,ipovey15@ihg.com,Male,250.211.122.131
43,Averil,Cuckson,acuckson16@nba.com,Male,107.179.80.154
44,Michaella,Lenchenko,mlenchenko17@cbc.ca,Female,234.29.205.137
45,Lukas,Duthy,lduthy18@yelp.com,Male,190.99.237.254
46,Whitman,Amoss,wamoss19@noaa.gov,Male,55.2.169.227
47,Joeann,Tremble,jtremble1a@1und1.de,Female,248.48.47.244
48,Bill,Sharples,bsharples1b@free.fr,Female,165.14.177.136
49,Wallace,Wabe,wwabe1c@seesaa.net,Male,126.135.82.163
50,Emmie,De Bruijne,edebruijne1d@smugmug.com,Female,95.236.44.135
51,Norene,Kilby,nkilby1e@fema.gov,Polygender,95.59.41.105
52,Kacie,Laverack,klaverack1f@indiatimes.com,Female,144.81.179.192
53,Huntington,Clewlowe,hclewlowe1g@gov.uk,Male,81.118.88.93
54,Erik,Tomankiewicz,etomankiewicz1h@skyrock.com,Male,204.232.158.110
55,Booth,Witherspoon,bwitherspoon1i@people.com.cn,Male,177.168.7.48
56,Winfred,Twort,wtwort1j@yellowbook.com,Male,200.170.249.4
57,Shell,Scardifield,sscardifield1k@umn.edu,Male,247.92.149.229
58,Rupert,Sabatier,rsabatier1l@exblog.jp,Male,180.178.93.5
59,Arte,Zimmermanns,azimmermanns1m@barnesandnoble.com,Male,251.19.59.23
60,Baryram,Jedrzejewski,bjedrzejewski1n@uiuc.edu,Male,39.245.181.75
61,Hillyer,Tzuker,htzuker1o@mayoclinic.com,Male,44.162.97.189
62,Dulce,Petrushkevich,dpetrushkevich1p@ovh.net,Female,24.253.152.35
63,Micheil,Cready,mcready1q@meetup.com,Male,44.79.122.183
64,Petronella,Phaup,pphaup1r@time.com,Female,207.94.14.196
65,Dag,Assandri,dassandri1s@bigcartel.com,Male,185.74.207.46
66,Gwynne,Kensett,gkensett1t@intel.com,Bigender,99.78.61.223
67,Ricky,Seligson,rseligson1u@cyberchimps.com,Male,17.46.63.148
68,Tarra,Beller,tbeller1v@smh.com.au,Female,95.81.36.138
69,Pat,Dood,pdood1w@netscape.com,Male,122.101.46.149
70,Caroline,Hightown,chightown1x@odnoklassniki.ru,Female,181.8.64.103
71,Carter,Furbank,cfurbank1y@eventbrite.com,Male,184.193.47.113
72,Vincent,Bodham,vbodham1z@sakura.ne.jp,Male,116.154.147.107
73,Risa,Karpushkin,rkarpushkin20@ning.com,Female,25.107.119.179
74,Darla,De Filippo,ddefilippo21@irs.gov,Female,252.188.133.164
75,Monah,Cardozo,mcardozo22@yale.edu,Non-binary,184.64.137.239
76,Wilmar,Edson,wedson23@ehow.com,Male,65.35.44.240
77,Rutherford,Yeandel,ryeandel24@qq.com,Male,143.95.62.161
78,Christean,Bothe,cbothe25@php.net,Female,231.178.66.236
79,Vincents,Thouless,vthouless26@cam.ac.uk,Male,17.48.22.43
80,Vale,Lipscombe,vlipscombe27@macromedia.com,Female,46.58.90.183
81,Bria,McCarry,bmccarry28@fastcompany.com,Bigender,195.218.101.100
82,Yank,Knyvett,yknyvett29@redcross.org,Male,216.102.42.105
83,Mile,Bolter,mbolter2a@php.net,Male,123.196.50.157
84,Wandis,Shackell,wshackell2b@slate.com,Female,36.162.54.147
85,Estel,Adshede,eadshede2c@nydailynews.com,Female,208.171.253.56
86,Charla,Drohun,cdrohun2d@webs.com,Female,97.0.165.15
87,Carlie,Biskupski,cbiskupski2e@imdb.com,Male,249.1.118.214
88,Conn,Cluely,ccluely2f@com.com,Male,114.0.37.183
89,Corella,Hardinge,chardinge2g@oakley.com,Female,166.207.60.22
90,Nehemiah,Meiklejohn,nmeiklejohn2h@ask.com,Male,64.133.61.222
91,Jenifer,Ragles,jragles2i@mozilla.org,Female,153.119.195.47
92,Graehme,Duckham,gduckham2j@thetimes.co.uk,Bigender,139.20.71.212
93,Randy,Roelofs,rroelofs2k@answers.com,Male,204.61.127.96
94,Catherin,Lewty,clewty2l@indiegogo.com,Female,25.74.225.83
95,Percy,Canwell,pcanwell2m@devhub.com,Male,186.2.15.233
96,Willis,Mattholie,wmattholie2n@yellowpages.com,Bigender,212.199.90.232
97,Concettina,O'Kielt,cokielt2o@1und1.de,Female,148.12.245.196
98,Hatti,Farmloe,hfarmloe2p@ucoz.com,Female,204.65.21.62
99,Jeremiah,Hannaby,jhannaby2q@oaic.gov.au,Male,143.80.145.143
100,Lonni,Willimont,lwillimont2r@tripod.com,Female,120.145.178.49
