id,first_name,last_name,email,gender,ip_address
1,Donaugh,Shildrake,dshildrake0@opera.com,Male,211.28.64.8
2,Melody,Farington,mfarington1@ebay.co.uk,Female,53.232.126.69
3,Chance,Malby,cmalby2@tinypic.com,Male,151.125.119.178
4,Laura,Smalls,lsmalls3@npr.org,Female,99.252.202.110
5,Charissa,Dalli,cdalli4@joomla.org,Female,53.237.238.72
6,Sabra,McCulloch,smcculloch5@salon.com,Female,105.190.106.111
7,Elysha,Tinn,etinn6@google.fr,Female,57.72.247.130
8,Richie,Piscopello,rpiscopello7@pinterest.com,Male,152.0.10.66
9,Bartram,Imm,bimm8@prweb.com,Male,118.102.248.237
10,Paulette,Liddy,pliddy9@google.cn,Female,168.101.76.224
11,Abigale,Wayvill,awayvilla@skype.com,Female,45.151.241.44
12,Forrest,Moir,fmoirb@instagram.com,Male,75.23.232.35
13,Magdaia,Locke,mlockec@pen.io,Female,125.61.37.152
14,Grannie,Shewery,gsheweryd@illinois.edu,Male,203.11.221.109
15,Rafaellle,Treble,rtreblee@seesaa.net,Male,171.37.103.140
16,Antonin,Deval,adevalf@csmonitor.com,Male,226.43.64.93
17,Chane,Fawssett,cfawssettg@shutterfly.com,Male,135.65.109.40
18,Uri,Spillett,uspilletth@rambler.ru,Male,23.197.226.95
19,Diane,Daintree,ddaintreei@twitter.com,Polygender,182.125.232.54
20,Yolande,Lawless,ylawlessj@archive.org,Genderfluid,221.196.100.0
21,Bentlee,De Morena,bdemorenak@myspace.com,Male,254.135.25.31
22,Ivan,Ottee,iotteel@webnode.com,Male,54.194.224.109
23,Alicia,McCorkindale,amccorkindalem@fda.gov,Female,59.225.150.125
24,Aloysia,A'Barrow,aabarrown@tinypic.com,Female,248.235.125.177
25,Daryn,Orae,doraeo@mapy.cz,Female,200.36.65.88
26,Berenice,Matokhnin,bmatokhninp@cdbaby.com,Female,90.83.123.215
27,Raynell,Tuison,rtuisonq@wufoo.com,Female,229.105.220.236
28,Merilee,Stiddard,mstiddardr@accuweather.com,Female,80.43.195.67
29,Cletis,Espinoza,cespinozas@yellowpages.com,Male,180.94.183.186
30,Creight,Bisgrove,cbisgrovet@lulu.com,Male,254.86.140.138
31,Cosetta,Jandourek,cjandoureku@techcrunch.com,Female,149.101.49.199
32,Rafe,McCague,rmccaguev@xing.com,Male,238.96.12.99
33,Weber,Iannello,wiannellow@sun.com,Agender,37.118.219.140
34,Belvia,Titcombe,btitcombex@topsy.com,Female,91.7.196.182
35,Rudolf,Lamplough,rlamploughy@sciencedirect.com,Male,67.75.165.106
36,Maris,Fibbens,mfibbensz@irs.gov,Female,190.197.18.0
37,Guillaume,Norquoy,gnorquoy10@google.es,Male,181.216.251.61
38,Caye,Sleet,csleet11@nsw.gov.au,Genderfluid,220.192.108.156
39,Shandee,Campkin,scampkin12@blogspot.com,Female,113.192.31.73
40,Kirstyn,Yegorkin,kyegorkin13@unblog.fr,Female,237.54.114.6
41,Ursala,Zamora,uzamora14@reference.com,Female,202.3.148.107
42,Sophia,Nail,snail15@imdb.com,Female,132.119.7.96
43,Abigail,Sloey,asloey16@ibm.com,Female,127.57.187.192
44,Waverly,McGrann,wmcgrann17@reuters.com,Male,0.178.48.30
45,Benjy,Mc Carrick,bmccarrick18@google.com,Male,161.204.176.242
46,Lynnet,Baudon,lbaudon19@google.ru,Female,91.153.239.231
47,Lenee,Kira,lkira1a@fema.gov,Female,29.30.119.236
48,Moyna,Mothersole,mmothersole1b@adobe.com,Female,159.116.151.144
49,Jamison,Vankov,jvankov1c@nytimes.com,Male,13.219.127.23
50,Giacomo,Farr,gfarr1d@twitpic.com,Male,214.110.147.247
51,Beckie,Prydie,bprydie1e@storify.com,Female,155.213.235.188
52,Iver,Shackleford,ishackleford1f@booking.com,Male,225.205.151.223
53,Pia,Phateplace,pphateplace1g@canalblog.com,Female,142.77.22.86
54,Em,Martinovic,emartinovic1h@mediafire.com,Male,130.34.77.47
55,Lockwood,Westmerland,lwestmerland1i@icq.com,Male,42.20.194.210
56,Derick,Isson,disson1j@weebly.com,Male,190.50.120.207
57,Rubetta,Sawley,rsawley1k@ehow.com,Female,110.220.245.185
58,Binnie,Inott,binott1l@cpanel.net,Female,240.122.134.239
59,Cal,McAlees,cmcalees1m@ibm.com,Male,52.65.32.137
60,Hendrika,Grolle,hgrolle1n@creativecommons.org,Female,220.26.8.208
61,Kaiser,Eldershaw,keldershaw1o@npr.org,Male,210.5.40.158
62,Allix,Dallemore,adallemore1p@alibaba.com,Female,156.36.216.69
63,Annmaria,Stachini,astachini1q@i2i.jp,Female,231.171.63.79
64,Elladine,Garvill,egarvill1r@nifty.com,Female,63.47.234.53
65,Sheffield,Bwye,sbwye1s@exblog.jp,Male,223.112.145.126
66,Alric,Mulliner,amulliner1t@bandcamp.com,Male,175.25.188.115
67,Ashley,Dufoure,adufoure1u@jimdo.com,Female,219.40.142.209
68,Noami,Blanchette,nblanchette1v@sina.com.cn,Female,195.45.161.122
69,Nat,Conaghy,nconaghy1w@cbsnews.com,Female,148.89.62.77
70,Madelyn,Danels,mdanels1x@mapy.cz,Female,180.113.128.164
71,Budd,Maguire,bmaguire1y@friendfeed.com,Male,185.164.196.89
72,Dolly,Maykin,dmaykin1z@yelp.com,Female,126.217.42.26
73,Timmie,Fasset,tfasset20@ed.gov,Female,60.65.177.9
74,Hogan,Meers,hmeers21@hud.gov,Male,191.79.42.122
75,Law,Linbohm,llinbohm22@comsenz.com,Male,205.57.241.24
76,Elka,Bedbrough,ebedbrough23@hibu.com,Female,48.62.235.46
77,Babs,Melby,bmelby24@topsy.com,Female,49.25.172.76
78,Ethelred,Muskett,emuskett25@netscape.com,Genderfluid,48.181.126.62
79,Jedd,Trenear,jtrenear26@goodreads.com,Male,67.191.27.127
80,Crosby,Aleshintsev,caleshintsev27@hhs.gov,Male,144.162.234.170
81,Washington,Southcombe,wsouthcombe28@icio.us,Male,4.70.8.177
82,Vanna,Naisbet,vnaisbet29@over-blog.com,Female,22.241.127.34
83,Nicola,Thickins,nthickins2a@odnoklassniki.ru,Female,5.103.91.101
84,Shaw,Inchbald,sinchbald2b@imgur.com,Polygender,56.163.197.122
85,Udell,Edinborough,uedinborough2c@oakley.com,Bigender,213.68.60.106
86,Grantley,Clara,gclara2d@engadget.com,Male,251.195.74.221
87,Butch,Mattock,bmattock2e@globo.com,Male,15.79.101.93
88,Wenona,Hedges,whedges2f@europa.eu,Non-binary,253.187.121.32
89,Tomkin,Griffey,tgriffey2g@newyorker.com,Male,153.238.120.228
90,Ganny,Rubes,grubes2h@xinhuanet.com,Male,1.7.39.78
91,Ailsun,Rainsden,arainsden2i@oracle.com,Female,2.88.212.19
92,Conrad,Hanscome,chanscome2j@google.nl,Male,139.204.209.93
93,Sutton,De Pero,sdepero2k@amazon.co.uk,Male,77.127.80.122
94,Marilyn,Blainey,mblainey2l@fastcompany.com,Female,224.120.190.64
95,Kerri,Burchmore,kburchmore2m@ask.com,Female,54.124.52.55
96,Erny,Tippler,etippler2n@drupal.org,Male,202.36.223.108
97,Grissel,Galia,ggalia2o@fc2.com,Female,22.167.98.1
98,Lenard,Laing,llaing2p@vimeo.com,Male,147.141.91.120
99,Gilbertina,Burren,gburren2q@desdev.cn,Female,63.147.188.41
100,Maible,Akenhead,makenhead2r@answers.com,Female,239.182.239.44
101,Cindra,Desbrow,cdesbrow2s@salon.com,Genderfluid,228.129.101.88
102,Becca,Gillford,bgillford2t@phoca.cz,Female,190.169.230.27
103,Estella,Deaconson,edeaconson2u@constantcontact.com,Female,159.89.43.212
104,Morena,Atkins,matkins2v@canalblog.com,Female,126.202.100.73
105,Alfy,Hauxby,ahauxby2w@bbc.co.uk,Male,245.118.166.70
106,Ashli,De Ferrari,adeferrari2x@miibeian.gov.cn,Female,167.167.135.21
107,Nollie,Crux,ncrux2y@tiny.cc,Male,0.11.148.68
108,Gasparo,Lowing,glowing2z@skyrock.com,Male,45.24.21.234
109,Felic,De Atta,fdeatta30@bandcamp.com,Male,217.77.190.43
110,Aguste,Matignon,amatignon31@theglobeandmail.com,Male,77.110.64.216
111,Nowell,Minico,nminico32@dailymotion.com,Genderqueer,148.249.91.250
112,Tracey,Colegate,tcolegate33@apple.com,Male,211.109.30.192
113,Marilee,Weed,mweed34@example.com,Female,89.119.74.205
114,Nil,Cumberlidge,ncumberlidge35@booking.com,Male,250.222.178.10
115,Carolynn,Normansell,cnormansell36@washingtonpost.com,Female,143.221.153.240
116,Ottilie,Eldredge,oeldredge37@nbcnews.com,Female,9.221.205.140
117,Quintin,Manneville,qmanneville38@gnu.org,Male,125.186.182.41
118,Glennie,Medlicott,gmedlicott39@timesonline.co.uk,Female,178.180.240.97
119,Idaline,Huckster,ihuckster3a@fastcompany.com,Genderqueer,62.61.30.124
120,Hilde,Lusher,hlusher3b@jimdo.com,Female,70.29.88.152
121,Loutitia,Martynikhin,lmartynikhin3c@amazon.co.uk,Female,255.15.183.80
122,Obidiah,Stampe,ostampe3d@addthis.com,Male,100.249.159.207
123,Leopold,Remer,lremer3e@canalblog.com,Male,232.190.154.186
124,Daniel,Shory,dshory3f@altervista.org,Male,202.11.3.81
125,Susie,Dalliston,sdalliston3g@amazon.de,Female,254.65.145.158
126,Gayel,Garfit,ggarfit3h@com.com,Female,192.173.241.85
127,Fidela,Hatchell,fhatchell3i@sourceforge.net,Female,4.5.1.103
128,Frasier,Abele,fabele3j@mayoclinic.com,Non-binary,37.198.6.192
129,Dell,MacNair,dmacnair3k@myspace.com,Male,169.108.103.66
130,Andree,Duffy,aduffy3l@histats.com,Female,228.51.66.105
131,Antonia,Chadburn,achadburn3m@pagesperso-orange.fr,Female,19.28.2.219
132,Dorrie,Trimmill,dtrimmill3n@zimbio.com,Female,49.37.135.184
133,Cyrill,Mallion,cmallion3o@ovh.net,Male,0.184.142.227
134,Nanny,Lucian,nlucian3p@exblog.jp,Bigender,176.14.102.83
135,Barret,Prestland,bprestland3q@lulu.com,Male,221.151.177.142
136,Mikkel,Popland,mpopland3r@nature.com,Male,218.107.105.112
137,Marcelle,Simkiss,msimkiss3s@squidoo.com,Female,10.244.231.223
138,Gaby,De Launde,gdelaunde3t@networksolutions.com,Male,223.34.102.123
139,Wallis,Worcester,wworcester3u@ucoz.ru,Male,56.4.23.168
140,Sean,Speare,sspeare3v@loc.gov,Male,68.67.179.113
141,Wilmette,Ambrogioli,wambrogioli3w@bloglines.com,Female,36.151.46.112
142,Coleen,Hollingdale,chollingdale3x@yandex.ru,Female,42.86.218.8
143,Bernette,Pappi,bpappi3y@ow.ly,Non-binary,106.121.245.39
144,Isidoro,Pierrepont,ipierrepont3z@gmpg.org,Male,165.222.27.231
145,Marice,Elster,melster40@abc.net.au,Female,175.174.171.225
146,Toby,Humblestone,thumblestone41@google.nl,Bigender,235.66.249.31
147,Guenevere,Sonley,gsonley42@craigslist.org,Female,152.188.160.9
148,Biddie,Gallier,bgallier43@yelp.com,Female,20.141.99.151
149,Antonia,Skokoe,askokoe44@booking.com,Female,83.148.222.138
150,Marrilee,Powder,mpowder45@a8.net,Female,25.248.2.178
151,Seka,Barwick,sbarwick46@thetimes.co.uk,Female,43.4.137.68
152,Jorie,Tubbs,jtubbs47@de.vu,Female,201.128.138.75
153,Esme,Strettell,estrettell48@taobao.com,Male,199.76.238.50
154,Mavis,Hodjetts,mhodjetts49@alibaba.com,Female,117.99.138.166
155,Leonardo,Eddicott,leddicott4a@w3.org,Male,105.12.238.148
156,Phillipe,De-Ville,pdeville4b@weibo.com,Male,73.101.245.162
157,Junie,Skinner,jskinner4c@msu.edu,Female,78.233.10.179
158,Camella,Codlin,ccodlin4d@edublogs.org,Female,78.165.108.83
159,Yale,Markl,ymarkl4e@dyndns.org,Male,144.208.162.129
160,Timoteo,Sedger,tsedger4f@aol.com,Male,43.211.30.198
161,Lanae,Mix,lmix4g@state.tx.us,Female,241.99.174.79
162,Obadiah,Whitlow,owhitlow4h@google.com.br,Genderqueer,14.29.0.178
163,Cordula,Bennike,cbennike4i@blogtalkradio.com,Polygender,250.85.252.112
164,Cora,Santhouse,csanthouse4j@opera.com,Female,126.66.177.57
165,Hercule,Chattock,hchattock4k@jigsy.com,Male,175.126.138.238
166,Kathryne,Chinnery,kchinnery4l@earthlink.net,Female,3.182.206.124
167,Nevil,Offill,noffill4m@vimeo.com,Male,117.60.40.66
168,Nicolai,Buten,nbuten4n@webmd.com,Non-binary,51.252.12.24
169,Edmon,Gringley,egringley4o@godaddy.com,Male,138.138.14.133
170,Vivianna,Marchent,vmarchent4p@netlog.com,Genderfluid,90.101.222.46
171,Damian,Chaim,dchaim4q@360.cn,Male,15.36.187.212
172,Elna,Licence,elicence4r@seesaa.net,Female,123.117.238.196
173,Vin,Lambdon,vlambdon4s@printfriendly.com,Female,167.52.59.63
174,Gunter,Broggetti,gbroggetti4t@amazon.co.uk,Genderqueer,116.30.40.14
175,D'arcy,Denyukhin,ddenyukhin4u@aol.com,Male,144.94.126.66
176,Pamella,Siemantel,psiemantel4v@fema.gov,Female,116.203.139.227
177,Gun,Boyer,gboyer4w@cocolog-nifty.com,Male,213.126.82.222
178,Franny,Harlin,fharlin4x@merriam-webster.com,Female,62.198.28.151
179,Oneida,McBeth,omcbeth4y@google.fr,Female,208.72.206.73
180,Rex,Ohrt,rohrt4z@fc2.com,Male,125.15.94.55
181,Bax,Pinnick,bpinnick50@skype.com,Male,189.38.107.83
182,Pauly,Toward,ptoward51@marriott.com,Female,92.1.193.188
183,Bettye,Stanyforth,bstanyforth52@archive.org,Female,215.114.54.140
184,Gwenni,Paulus,gpaulus53@i2i.jp,Female,110.234.20.142
185,Guthry,Meese,gmeese54@kickstarter.com,Male,253.154.142.174
186,Bank,Lovart,blovart55@ning.com,Male,82.203.83.68
187,Imogen,Scroggie,iscroggie56@ibm.com,Female,47.243.190.126
188,Stevana,MacCartney,smaccartney57@linkedin.com,Female,236.144.116.28
189,Ganny,Shimon,gshimon58@shareasale.com,Male,102.102.95.68
190,Malissa,Krollman,mkrollman59@ezinearticles.com,Female,139.45.205.0
191,Bryna,Wapplington,bwapplington5a@blogs.com,Female,22.250.34.69
192,Phelia,Roobottom,proobottom5b@slideshare.net,Female,215.70.73.116
193,Ephrem,Cortese,ecortese5c@networksolutions.com,Genderfluid,184.249.9.37
194,Pearla,Stocks,pstocks5d@livejournal.com,Female,158.210.240.146
195,Brinna,Kitman,bkitman5e@reddit.com,Female,244.42.155.107
196,Niki,Cowland,ncowland5f@ocn.ne.jp,Male,60.202.245.25
197,Terese,Booy,tbooy5g@pen.io,Female,84.190.127.217
198,Clarence,Mays,cmays5h@google.co.jp,Male,74.15.91.16
199,Siana,Adamo,sadamo5i@whitehouse.gov,Female,87.44.202.156
200,Tera,Haberfield,thaberfield5j@comcast.net,Female,75.159.255.47
201,Saba,Metheringham,smetheringham5k@nymag.com,Female,6.9.228.197
202,Giulia,Wychard,gwychard5l@yahoo.co.jp,Female,102.2.122.10
203,Brose,Barwis,bbarwis5m@pbs.org,Male,97.231.77.113
204,Ferrel,Amiable,famiable5n@is.gd,Male,193.89.199.175
205,Joann,Sunley,jsunley5o@acquirethisname.com,Female,193.16.118.126
206,Verena,Reihm,vreihm5p@deliciousdays.com,Female,131.212.92.62
207,Venita,Esposito,vesposito5q@paginegialle.it,Polygender,183.254.169.151
208,Noam,Moncaster,nmoncaster5r@patch.com,Male,173.165.32.215
209,Peyton,Bresman,pbresman5s@mtv.com,Male,53.89.122.101
210,Ali,Quilliam,aquilliam5t@purevolume.com,Male,87.170.70.98
211,Celinda,Bridgett,cbridgett5u@exblog.jp,Female,247.100.212.138
212,Lilias,Downton,ldownton5v@usda.gov,Female,239.87.169.32
213,Abagail,Manford,amanford5w@adobe.com,Female,221.1.13.16
214,Nichol,De Normanville,ndenormanville5x@gov.uk,Female,32.55.57.61
215,Jamie,Swenson,jswenson5y@jalbum.net,Female,225.183.237.7
216,Laurie,Delwater,ldelwater5z@istockphoto.com,Female,140.246.198.243
217,Urson,Birkenshaw,ubirkenshaw60@i2i.jp,Agender,35.80.33.26
218,Emmanuel,Van Der Hoog,evanderhoog61@opera.com,Male,104.156.237.118
219,Ariadne,Beccles,abeccles62@fastcompany.com,Female,139.149.114.119
220,Alvinia,Daniaud,adaniaud63@cnbc.com,Female,68.148.37.175
221,Jodie,Beacroft,jbeacroft64@google.com.au,Male,140.235.52.148
222,Bob,Aleshintsev,baleshintsev65@list-manage.com,Male,55.93.152.168
223,Darcee,Cromblehome,dcromblehome66@answers.com,Female,48.33.35.160
224,Taber,Kislingbury,tkislingbury67@hibu.com,Male,109.117.153.28
225,Codie,Grahl,cgrahl68@apache.org,Female,199.235.240.237
226,Devora,Betonia,dbetonia69@illinois.edu,Female,34.74.215.186
227,Konstance,Pardal,kpardal6a@cpanel.net,Female,178.20.226.94
228,Annemarie,Spread,aspread6b@live.com,Female,236.168.37.56
229,Lethia,Woodings,lwoodings6c@instagram.com,Female,22.225.154.156
230,Meara,Spehr,mspehr6d@networksolutions.com,Female,141.168.83.243
231,Rockey,Greenall,rgreenall6e@nifty.com,Male,169.229.27.19
232,Berty,Thickpenny,bthickpenny6f@hc360.com,Female,65.99.233.209
233,Ree,Woolsey,rwoolsey6g@wikimedia.org,Female,56.67.92.225
234,Neala,Well,nwell6h@spiegel.de,Female,166.110.55.57
235,Heall,Zambonini,hzambonini6i@seesaa.net,Male,60.250.96.67
236,Blinny,Jaksic,bjaksic6j@simplemachines.org,Female,71.139.216.78
237,Fernandina,Gabbidon,fgabbidon6k@addtoany.com,Female,181.46.97.252
238,Kenon,Palek,kpalek6l@reddit.com,Male,168.153.126.213
239,Opalina,Pattillo,opattillo6m@mediafire.com,Female,126.230.130.138
240,Jeralee,Horbath,jhorbath6n@goo.gl,Female,135.242.45.58
241,Adrien,McConnachie,amcconnachie6o@artisteer.com,Genderqueer,221.198.45.250
242,Ingemar,Angelo,iangelo6p@pbs.org,Male,141.116.92.122
243,Ram,Kirman,rkirman6q@nationalgeographic.com,Male,223.34.232.217
244,Olav,Boler,oboler6r@google.com.hk,Male,208.165.37.113
245,Maren,McGeady,mmcgeady6s@e-recht24.de,Female,33.12.33.254
246,Philipa,Sketh,psketh6t@google.com,Female,38.126.21.71
247,Eudora,Studd,estudd6u@zdnet.com,Bigender,16.90.204.163
248,Jeana,Gainfort,jgainfort6v@google.ru,Female,12.182.180.190
249,Miguelita,Coultass,mcoultass6w@cdbaby.com,Female,51.236.219.101
250,Zechariah,Gullis,zgullis6x@umich.edu,Male,220.191.136.184
251,Rafferty,Hellen,rhellen6y@infoseek.co.jp,Male,127.14.78.89
252,Karola,Clover,kclover6z@phpbb.com,Agender,184.172.159.59
253,Zorina,Windybank,zwindybank70@upenn.edu,Female,54.73.158.46
254,Basile,Schimpke,bschimpke71@1688.com,Male,245.176.247.238
255,Luz,Foucar,lfoucar72@icq.com,Female,173.214.238.14
256,Tedie,Alders,talders73@unicef.org,Male,160.55.8.40
257,Jessie,Minchindon,jminchindon74@census.gov,Male,177.123.75.231
258,Aviva,Orrice,aorrice75@miibeian.gov.cn,Female,213.79.242.155
259,Yurik,Harewood,yharewood76@histats.com,Male,56.142.36.190
260,Barry,Backshall,bbackshall77@amazon.co.uk,Female,155.217.94.214
261,Saundra,Hartshorn,shartshorn78@berkeley.edu,Male,234.239.210.208
262,Oren,Philippon,ophilippon79@friendfeed.com,Male,91.15.74.102
263,Timi,Lindgren,tlindgren7a@adobe.com,Female,196.197.50.176
264,Monika,Byram,mbyram7b@nyu.edu,Female,139.0.85.139
265,Lonna,Charlson,lcharlson7c@uol.com.br,Female,121.55.91.215
266,Lindsey,Robardley,lrobardley7d@clickbank.net,Non-binary,68.244.132.56
267,Sammy,Griffoen,sgriffoen7e@java.com,Male,181.113.145.185
268,Angel,Barratt,abarratt7f@ocn.ne.jp,Male,151.2.254.212
269,Meredith,Tenman,mtenman7g@reuters.com,Female,206.193.122.86
270,Adore,Farleigh,afarleigh7h@fda.gov,Female,207.146.248.169
271,Andrus,Carette,acarette7i@google.cn,Male,22.68.21.242
272,Leigh,Josey,ljosey7j@pinterest.com,Female,161.177.102.156
273,Wilone,Ofield,wofield7k@irs.gov,Genderfluid,206.70.87.128
274,Purcell,Skerm,pskerm7l@intel.com,Male,28.196.143.50
275,Ignatius,Lissaman,ilissaman7m@artisteer.com,Male,151.185.101.15
276,Reena,Obern,robern7n@businessinsider.com,Female,117.149.5.21
277,Ondrea,Wiffen,owiffen7o@newsvine.com,Female,148.58.20.192
278,Mariel,Seyffert,mseyffert7p@hubpages.com,Female,191.81.88.214
279,Rudiger,Varvara,rvarvara7q@jalbum.net,Male,236.124.85.181
280,Thorny,Alyoshin,talyoshin7r@smugmug.com,Male,130.180.159.142
281,Erroll,Benion,ebenion7s@ow.ly,Male,241.73.222.219
282,Jordain,Ellerman,jellerman7t@cnet.com,Female,70.75.195.102
283,Paxon,Beveridge,pbeveridge7u@bing.com,Male,211.65.249.78
284,Ogden,Dewdeny,odewdeny7v@surveymonkey.com,Male,162.125.250.229
285,Fabien,Biskup,fbiskup7w@ihg.com,Male,110.148.242.206
286,Lester,Dabel,ldabel7x@constantcontact.com,Male,239.171.22.2
287,Andres,Pringle,apringle7y@guardian.co.uk,Male,35.23.207.237
288,Audra,Teligin,ateligin7z@pen.io,Female,206.89.36.198
289,Nixie,Alner,nalner80@usgs.gov,Agender,175.217.104.177
290,Bengt,Walsom,bwalsom81@ted.com,Genderfluid,138.68.110.241
291,Rebe,Pettwood,rpettwood82@archive.org,Female,241.180.141.147
292,Mabel,Subhan,msubhan83@arstechnica.com,Female,155.113.108.26
293,Burk,Whifen,bwhifen84@wsj.com,Male,36.127.122.180
294,Ashlen,Counsell,acounsell85@bandcamp.com,Female,151.90.142.107
295,Selia,Dentith,sdentith86@ebay.co.uk,Female,2.4.39.136
296,Kathryne,Sherwyn,ksherwyn87@zimbio.com,Female,122.105.118.107
297,Allene,Follit,afollit88@arizona.edu,Female,39.36.21.193
298,Tanney,Gabbot,tgabbot89@booking.com,Male,10.94.53.170
299,Willi,Lancaster,wlancaster8a@altervista.org,Female,125.85.182.205
300,Merline,Meldrum,mmeldrum8b@ed.gov,Female,53.73.74.5
301,Lane,Chittenden,lchittenden8c@abc.net.au,Male,81.184.222.19
302,Wilt,Zorener,wzorener8d@discovery.com,Male,26.188.222.155
303,Erik,Jarry,ejarry8e@amazon.co.uk,Male,236.219.6.218
304,Dag,Chesson,dchesson8f@nationalgeographic.com,Male,133.128.198.97
305,Cyril,Simms,csimms8g@ustream.tv,Male,202.5.33.18
306,Catherin,Thowes,cthowes8h@t-online.de,Female,153.185.72.148
307,Bunny,MacMichael,bmacmichael8i@hubpages.com,Genderqueer,240.214.155.248
308,Rhea,Ogbourne,rogbourne8j@myspace.com,Female,110.153.168.154
309,Ki,Dosedale,kdosedale8k@jimdo.com,Female,138.204.39.30
310,Friedrick,Cranmere,fcranmere8l@cnet.com,Male,66.158.145.119
311,Obidiah,McKenna,omckenna8m@alexa.com,Male,122.230.62.220
312,Jany,Crowne,jcrowne8n@cmu.edu,Female,211.17.162.103
313,Foster,Elwill,felwill8o@digg.com,Male,201.128.92.41
314,Morie,Broun,mbroun8p@salon.com,Polygender,251.136.195.233
315,Silvana,Moulden,smoulden8q@g.co,Female,190.135.35.18
316,Daron,Dumbar,ddumbar8r@mac.com,Male,143.200.166.57
317,Roze,McNamee,rmcnamee8s@weather.com,Female,118.161.16.32
318,Lyndel,Golagley,lgolagley8t@pen.io,Female,163.72.50.46
319,Florenza,Petrelluzzi,fpetrelluzzi8u@home.pl,Female,121.35.17.79
320,Leia,Tregear,ltregear8v@over-blog.com,Female,40.55.187.208
321,Kaela,Napleton,knapleton8w@mayoclinic.com,Female,229.238.51.91
322,Claybourne,Leisk,cleisk8x@epa.gov,Male,188.192.59.143
323,Meg,Horrigan,mhorrigan8y@homestead.com,Female,96.175.176.70
324,Kiri,Biddleston,kbiddleston8z@jigsy.com,Female,112.10.78.78
325,Drona,Duplain,dduplain90@businessweek.com,Female,152.250.183.142
326,Karrie,Andree,kandree91@skype.com,Female,90.194.138.222
327,Sergei,Antunes,santunes92@photobucket.com,Male,213.182.113.83
328,Marcela,Coldham,mcoldham93@goo.ne.jp,Female,163.24.162.255
329,Ertha,Dytham,edytham94@friendfeed.com,Polygender,56.45.188.139
330,Ashely,Schooley,aschooley95@desdev.cn,Female,233.165.234.188
331,Ayn,Jagiela,ajagiela96@msu.edu,Female,19.87.172.167
332,Lovell,Hairon,lhairon97@usgs.gov,Male,143.133.41.197
333,Melvin,Webermann,mwebermann98@histats.com,Male,102.15.135.63
334,Otis,Bedminster,obedminster99@skyrock.com,Male,141.105.38.209
335,Belle,Abraham,babraham9a@mozilla.com,Female,75.30.102.208
336,Esme,Jarlmann,ejarlmann9b@spiegel.de,Male,117.193.214.237
337,Guenevere,Mold,gmold9c@ted.com,Female,34.35.85.32
338,Arleen,Gymlett,agymlett9d@mozilla.com,Female,98.193.56.138
339,Corella,Laraway,claraway9e@sfgate.com,Female,107.16.204.161
340,Efrem,Creggan,ecreggan9f@w3.org,Bigender,37.234.75.80
341,Kandace,Matterson,kmatterson9g@examiner.com,Genderqueer,222.40.107.83
342,Olympie,Castro,ocastro9h@phpbb.com,Female,154.63.222.162
343,Mirella,Rogger,mrogger9i@google.nl,Female,69.100.212.2
344,Kingston,Durbann,kdurbann9j@barnesandnoble.com,Male,219.175.65.52
345,Nathaniel,Fussie,nfussie9k@ca.gov,Bigender,38.218.239.241
346,August,Benham,abenham9l@kickstarter.com,Male,234.177.187.172
347,Kent,Brennenstuhl,kbrennenstuhl9m@huffingtonpost.com,Male,59.37.138.187
348,Rafaello,LLelweln,rllelweln9n@pen.io,Male,127.16.77.38
349,Jannel,Draijer,jdraijer9o@smugmug.com,Female,22.96.216.133
350,Ilyssa,Goult,igoult9p@forbes.com,Bigender,124.131.62.204
351,Blanche,Gallandre,bgallandre9q@ucoz.ru,Female,141.218.198.22
352,Arlana,Calven,acalven9r@canalblog.com,Female,210.104.186.189
353,Dino,Montgomery,dmontgomery9s@soundcloud.com,Male,136.172.205.30
354,Giacopo,Norwell,gnorwell9t@vkontakte.ru,Male,102.3.219.137
355,Pyotr,Capineer,pcapineer9u@scribd.com,Male,18.199.64.70
356,Stephi,McCarle,smccarle9v@gizmodo.com,Female,49.111.4.149
357,Dilan,Bolles,dbolles9w@virginia.edu,Male,92.152.43.172
358,Maximo,Eakin,meakin9x@usgs.gov,Male,50.194.69.93
359,Greer,Ventam,gventam9y@rambler.ru,Female,109.184.117.242
360,Codi,Pietzner,cpietzner9z@t.co,Male,232.251.40.252
361,Casey,Challender,cchallendera0@dailymail.co.uk,Male,212.28.131.238
362,Aili,Dashkovich,adashkovicha1@google.pl,Female,137.62.206.128
363,Rosalyn,O'Heagertie,roheagertiea2@godaddy.com,Female,123.108.61.156
364,Sidney,Peddel,speddela3@friendfeed.com,Male,188.145.21.208
365,Jameson,Matschuk,jmatschuka4@ucsd.edu,Male,75.47.187.38
366,Dredi,Cosker,dcoskera5@adobe.com,Female,118.244.141.86
367,Janka,Bernollet,jbernolleta6@webeden.co.uk,Female,240.182.156.64
368,Mill,Burnhill,mburnhilla7@stumbleupon.com,Male,80.177.137.183
369,Jeremy,Ferrea,jferreaa8@japanpost.jp,Male,63.82.255.20
370,Maxy,Raffan,mraffana9@columbia.edu,Male,133.233.245.80
371,Rozina,Marking,rmarkingaa@hibu.com,Female,247.213.37.200
372,Ivar,Antonoyev,iantonoyevab@histats.com,Male,70.29.232.136
373,Veronique,Jacquemot,vjacquemotac@narod.ru,Agender,192.54.43.12
374,Salomo,Dawid,sdawidad@patch.com,Male,107.150.19.132
375,Adriaens,Sawyers,asawyersae@guardian.co.uk,Female,151.136.106.114
376,Jodi,Manicom,jmanicomaf@cbsnews.com,Male,144.159.109.200
377,Derrek,Goodship,dgoodshipag@usda.gov,Male,158.135.105.212
378,Reggi,Gethen,rgethenah@ft.com,Female,191.154.220.65
379,Ermentrude,Giorgini,egiorginiai@addtoany.com,Female,170.181.169.189
380,Jana,Stannard,jstannardaj@cdc.gov,Female,217.82.200.66
381,Ardra,Quartley,aquartleyak@webeden.co.uk,Female,16.206.207.218
382,Thekla,Bartolic,tbartolical@salon.com,Female,75.146.234.39
383,Kendell,Kindley,kkindleyam@ifeng.com,Bigender,119.135.91.247
384,Fowler,Wrist,fwristan@macromedia.com,Male,167.248.90.26
385,Cherye,Very,cveryao@bloglines.com,Female,74.84.235.97
386,Filide,Longworthy,flongworthyap@wordpress.com,Female,211.169.97.188
387,Krishna,McAirt,kmcairtaq@usda.gov,Male,213.181.223.172
388,Margi,Ferronet,mferronetar@paypal.com,Female,68.236.196.211
389,Matilda,Gladwell,mgladwellas@marriott.com,Female,150.30.16.145
390,Shayne,Carrigan,scarriganat@discovery.com,Agender,238.192.135.85
391,Coraline,Lintott,clintottau@i2i.jp,Female,131.207.136.115
392,Bartram,Unwin,bunwinav@vistaprint.com,Male,232.102.99.183
393,Coop,Hymer,chymeraw@live.com,Genderqueer,8.215.90.165
394,Kenny,Grant,kgrantax@multiply.com,Male,69.8.195.26
395,Tani,Broadis,tbroadisay@i2i.jp,Female,82.193.61.11
396,Pennie,Leneham,plenehamaz@apple.com,Non-binary,163.225.250.139
397,Chick,Aronson,caronsonb0@wikipedia.org,Male,131.62.129.7
398,Marten,Stain,mstainb1@yellowbook.com,Male,114.122.164.58
399,Raphael,Groveham,rgrovehamb2@canalblog.com,Male,161.155.149.149
400,Ambrosio,Huish,ahuishb3@360.cn,Male,244.130.47.91
401,Amandi,Weldon,aweldonb4@miitbeian.gov.cn,Female,31.54.17.204
402,Gisele,Poulter,gpoulterb5@google.pl,Female,124.8.142.131
403,Gaylor,McCurlye,gmccurlyeb6@istockphoto.com,Male,116.103.62.225
404,Stacy,Quilty,squiltyb7@ustream.tv,Female,139.119.242.100
405,Vincent,Flohard,vflohardb8@army.mil,Male,153.206.50.187
406,Worthy,Houlison,whoulisonb9@china.com.cn,Male,12.227.2.248
407,Katinka,Plewright,kplewrightba@bloglovin.com,Female,220.17.39.39
408,Bernette,Skipsey,bskipseybb@usgs.gov,Female,24.129.218.87
409,Cordie,Sedge,csedgebc@chicagotribune.com,Female,197.221.155.225
410,Clemmy,Mathe,cmathebd@addtoany.com,Male,10.103.250.81
411,Fayina,Leebetter,fleebetterbe@google.ca,Female,111.35.222.34
412,Donovan,Broggelli,dbroggellibf@pagesperso-orange.fr,Male,46.52.184.252
413,Marijn,Yandle,myandlebg@wsj.com,Male,122.132.60.50
414,Darcy,Morando,dmorandobh@princeton.edu,Female,101.68.226.162
415,Elias,Cardenosa,ecardenosabi@indiatimes.com,Male,88.105.73.247
416,Vilhelmina,Pfeffer,vpfefferbj@cargocollective.com,Female,204.231.36.66
417,Heindrick,Mathen,hmathenbk@ox.ac.uk,Male,148.193.20.3
418,Archibaldo,Gabbatt,agabbattbl@reverbnation.com,Male,1.50.120.243
419,Aldus,Moyce,amoycebm@google.de,Male,14.154.251.98
420,Wileen,Cottie,wcottiebn@chron.com,Female,224.18.119.74
421,Rubia,Hustings,rhustingsbo@surveymonkey.com,Female,238.180.14.181
422,Lezley,Gustus,lgustusbp@geocities.com,Male,215.94.189.95
423,Constanta,Osgorby,cosgorbybq@shinystat.com,Genderfluid,254.213.47.207
424,Tann,Fallowes,tfallowesbr@china.com.cn,Male,237.220.197.158
425,Louie,Spencelayh,lspencelayhbs@xrea.com,Male,15.23.1.118
426,Salvador,Rohlfs,srohlfsbt@wordpress.org,Genderfluid,71.204.144.8
427,Boyd,Woodroff,bwoodroffbu@google.co.uk,Male,130.83.249.42
428,El,Leyfield,eleyfieldbv@ucla.edu,Male,21.130.113.254
429,Marjorie,Rein,mreinbw@bloomberg.com,Female,6.186.251.197
430,Aldo,Aveline,aavelinebx@ucoz.com,Male,175.43.109.84
431,Delila,Mallabar,dmallabarby@bloglovin.com,Female,26.132.68.152
432,Maynord,Goodreid,mgoodreidbz@techcrunch.com,Male,50.17.42.153
433,Sheilakathryn,Doucette,sdoucettec0@hostgator.com,Female,77.65.241.12
434,Romeo,Murname,rmurnamec1@yelp.com,Male,109.152.25.14
435,Elinor,Gillespie,egillespiec2@amazon.de,Female,187.177.190.193
436,Othilie,Raff,oraffc3@bbb.org,Female,126.83.237.189
437,Amery,MacFadin,amacfadinc4@godaddy.com,Male,155.231.219.68
438,Jaine,Thornton-Dewhirst,jthorntondewhirstc5@nps.gov,Female,7.160.87.112
439,Reina,Craven,rcravenc6@chicagotribune.com,Genderfluid,238.111.103.243
440,Janeen,Samworth,jsamworthc7@whitehouse.gov,Female,13.218.246.207
441,Hobard,Defries,hdefriesc8@cdc.gov,Male,22.205.106.171
442,Ted,Furnival,tfurnivalc9@ucsd.edu,Female,64.99.143.208
443,Forster,Reynold,freynoldca@wired.com,Male,94.233.166.131
444,Judd,Archbold,jarchboldcb@myspace.com,Male,215.173.26.9
445,Marinna,Mallard,mmallardcc@booking.com,Female,58.162.190.230
446,Valma,Wernham,vwernhamcd@google.fr,Female,52.233.89.117
447,Reine,Esser,resserce@squarespace.com,Female,131.125.59.25
448,Huntlee,Easbie,heasbiecf@telegraph.co.uk,Male,103.242.42.112
449,Giusto,Rymell,grymellcg@alexa.com,Male,61.62.195.146
450,Celestyna,Panyer,cpanyerch@arstechnica.com,Female,95.139.236.150
451,Roddie,Sawkins,rsawkinsci@wikia.com,Male,174.186.49.46
452,Marcile,Decruse,mdecrusecj@flavors.me,Female,28.13.53.165
453,Jasmin,Sargeaunt,jsargeauntck@dailymail.co.uk,Female,5.17.54.244
454,Harli,Phillott,hphillottcl@netscape.com,Female,164.89.71.114
455,Chrystel,Duckworth,cduckworthcm@trellian.com,Polygender,158.160.74.40
456,Roselle,Thairs,rthairscn@google.com,Female,117.62.20.214
457,Sibeal,Margrem,smargremco@networkadvertising.org,Female,254.210.145.194
458,Henriette,Senecaut,hsenecautcp@friendfeed.com,Agender,61.244.255.102
459,Margi,Razoux,mrazouxcq@redcross.org,Female,242.248.191.252
460,Gordy,Quibell,gquibellcr@gizmodo.com,Male,183.137.121.243
461,Lexie,Lindhe,llindhecs@businesswire.com,Female,246.236.11.89
462,Marita,Hollow,mhollowct@quantcast.com,Female,53.196.87.95
463,Kaylee,Pendergast,kpendergastcu@mit.edu,Bigender,135.147.67.4
464,Alana,Shales,ashalescv@pagesperso-orange.fr,Female,247.19.56.164
465,Angelle,Bailey,abaileycw@multiply.com,Non-binary,121.233.18.193
466,Jesselyn,Wisker,jwiskercx@phoca.cz,Female,221.115.177.220
467,Stephan,Sandyford,ssandyfordcy@msu.edu,Male,255.51.215.95
468,Charlotta,Kinleyside,ckinleysidecz@tripod.com,Female,78.244.233.230
469,Dorette,Guare,dguared0@webs.com,Female,201.67.4.135
470,Hart,Lambourne,hlambourned1@qq.com,Male,181.74.64.190
471,Alfy,Mattusevich,amattusevichd2@nyu.edu,Male,46.247.30.202
472,Mahmud,Stanger,mstangerd3@jiathis.com,Male,131.62.212.70
473,Jeffie,Gilding,jgildingd4@apache.org,Bigender,236.54.203.89
474,Violante,Giovannelli,vgiovannellid5@weather.com,Female,9.44.96.15
475,Sharla,Limprecht,slimprechtd6@eepurl.com,Female,94.219.51.248
476,Rhiamon,Gowanson,rgowansond7@bloglines.com,Genderqueer,60.38.120.161
477,Skylar,Weston,swestond8@pagesperso-orange.fr,Male,238.54.105.69
478,Temp,Milburne,tmilburned9@skype.com,Male,28.124.71.93
479,Riccardo,Milne,rmilneda@usgs.gov,Male,28.86.69.151
480,Amby,Mattacks,amattacksdb@seesaa.net,Male,18.97.145.248
481,Alla,Legister,alegisterdc@photobucket.com,Genderqueer,57.22.184.175
482,Melisse,Mahy,mmahydd@i2i.jp,Female,98.236.251.52
483,Hildegarde,Maraga,hmaragade@gravatar.com,Female,180.163.51.198
484,Tamarah,Pendlebury,tpendleburydf@hexun.com,Female,73.93.174.134
485,Alexia,Loffill,aloffilldg@si.edu,Female,204.118.42.137
486,Marga,Gideon,mgideondh@newsvine.com,Female,195.41.139.226
487,Peadar,Goering,pgoeringdi@baidu.com,Male,67.245.215.107
488,Aurea,Lambdin,alambdindj@deviantart.com,Female,248.14.78.192
489,Alvie,Cantua,acantuadk@businesswire.com,Male,241.223.205.67
490,Gar,Kears,gkearsdl@jugem.jp,Male,150.193.73.88
491,Lydie,Glasebrook,lglasebrookdm@clickbank.net,Female,217.185.66.171
492,Kermy,des Remedios,kdesremediosdn@deliciousdays.com,Male,89.199.159.195
493,Abram,Tomson,atomsondo@ebay.co.uk,Male,172.207.46.57
494,Friedrich,Rickardsson,frickardssondp@sina.com.cn,Male,5.13.119.49
495,Laurens,Farres,lfarresdq@mashable.com,Male,203.63.153.236
496,Doe,Saladin,dsaladindr@wikispaces.com,Female,199.209.156.167
497,Kikelia,Vasyutin,kvasyutinds@google.ru,Genderfluid,92.243.27.209
498,Donielle,Lowerson,dlowersondt@parallels.com,Female,34.201.11.204
499,Maure,Pipping,mpippingdu@ustream.tv,Female,105.8.82.169
500,Suellen,Franies,sfraniesdv@jimdo.com,Female,149.101.90.96
501,Arney,Torbeck,atorbeckdw@mapquest.com,Male,247.42.65.121
502,Suzi,Lettuce,slettucedx@wired.com,Female,114.78.234.189
503,Gayler,Circuitt,gcircuittdy@newsvine.com,Male,61.203.15.218
504,Cymbre,Czadla,cczadladz@hc360.com,Agender,204.179.63.191
505,Jammal,Stendell,jstendelle0@nature.com,Male,58.167.246.40
506,Sigmund,Guidelli,sguidellie1@google.com,Male,45.253.33.251
507,Martica,Weald,mwealde2@nydailynews.com,Female,213.1.36.43
508,Roderick,Eaton,reatone3@hugedomains.com,Male,48.142.171.134
509,Rolando,Pearse,rpearsee4@shop-pro.jp,Male,239.51.193.115
510,Nadya,Tal,ntale5@cdbaby.com,Female,224.23.186.141
511,Lay,Langham,llanghame6@angelfire.com,Male,230.40.237.158
512,Reade,Dineen,rdineene7@odnoklassniki.ru,Male,71.14.219.243
513,Alys,Cay,acaye8@latimes.com,Female,20.239.162.85
514,Lizette,Codron,lcodrone9@netvibes.com,Female,184.184.69.124
515,Kelsey,Jeger,kjegerea@cdc.gov,Female,85.27.69.1
516,Nikola,Royans,nroyanseb@printfriendly.com,Male,132.245.190.225
517,Kassie,Sall,ksallec@ifeng.com,Female,168.97.102.185
518,Lorne,Shepeard,lshepearded@livejournal.com,Male,38.203.74.194
519,Frances,Burgwyn,fburgwynee@gnu.org,Female,213.144.62.246
520,Justina,Greve,jgreveef@census.gov,Genderqueer,202.220.111.211
521,Francesco,Kesey,fkeseyeg@cbsnews.com,Male,3.133.128.157
522,Camey,Gobeau,cgobeaueh@fastcompany.com,Male,87.112.11.150
523,Osmond,Molohan,omolohanei@nsw.gov.au,Bigender,68.111.106.180
524,Virgie,Gay,vgayej@woothemes.com,Male,89.27.2.38
525,Marlon,Backen,mbackenek@parallels.com,Male,165.223.6.78
526,Claretta,Donald,cdonaldel@constantcontact.com,Female,193.108.226.169
527,Vincenty,Rhoddie,vrhoddieem@smh.com.au,Male,54.206.54.24
528,Janis,Itzkovwich,jitzkovwichen@sbwire.com,Female,217.246.121.96
529,Torre,Fishley,tfishleyeo@seattletimes.com,Male,203.43.8.16
530,Sosanna,Dickin,sdickinep@guardian.co.uk,Non-binary,217.162.244.173
531,Mellisent,de Keep,mdekeepeq@epa.gov,Female,127.185.51.98
532,Willis,Dyche,wdycheer@noaa.gov,Male,13.37.4.182
533,Corbett,Heckney,checkneyes@virginia.edu,Genderfluid,55.253.178.244
534,Dietrich,Pury,dpuryet@bizjournals.com,Male,211.27.176.46
535,Boris,Kelso,bkelsoeu@typepad.com,Male,118.204.185.96
536,Anatole,Inglesant,ainglesantev@google.it,Male,192.192.216.147
537,Redd,Astell,rastellew@phpbb.com,Male,121.24.215.151
538,Tabby,Shark,tsharkex@lycos.com,Male,190.112.111.43
539,Paten,Debold,pdeboldey@bravesites.com,Genderfluid,130.54.159.212
540,Samuel,Filipic,sfilipicez@reuters.com,Male,86.244.228.216
541,Horatius,Ellicombe,hellicombef0@dagondesign.com,Male,90.139.227.178
542,Lewie,More,lmoref1@hud.gov,Male,44.90.65.85
543,Violet,Geibel,vgeibelf2@dion.ne.jp,Female,5.213.194.158
544,Ripley,Sanford,rsanfordf3@ed.gov,Male,208.141.108.60
545,Vittorio,Tyce,vtycef4@youtu.be,Male,209.148.156.236
546,Shawn,Brotherhead,sbrotherheadf5@dell.com,Female,231.57.7.3
547,Guillaume,Baxter,gbaxterf6@google.cn,Male,2.182.9.129
548,Bobby,Blunderfield,bblunderfieldf7@census.gov,Female,95.207.172.155
549,Rora,Mussettini,rmussettinif8@skype.com,Female,92.219.185.96
550,Willdon,Selwyn,wselwynf9@soundcloud.com,Male,246.145.178.141
551,Abra,Olerenshaw,aolerenshawfa@cyberchimps.com,Female,122.35.182.32
552,Ludovika,Whild,lwhildfb@squarespace.com,Female,245.182.83.157
553,Donal,Dedney,ddedneyfc@nymag.com,Male,29.77.228.161
554,Glyn,Gyles,ggylesfd@sitemeter.com,Male,159.225.216.196
555,Bettina,Augustin,baugustinfe@hibu.com,Female,52.162.22.93
556,Lindy,Turnor,lturnorff@smh.com.au,Male,129.68.186.157
557,Linoel,Skynner,lskynnerfg@ovh.net,Male,235.254.201.221
558,Vincents,Janczewski,vjanczewskifh@spotify.com,Male,64.139.82.42
559,Rosy,Swinyard,rswinyardfi@behance.net,Genderqueer,72.162.187.126
560,Arther,McGonigle,amcgoniglefj@microsoft.com,Male,123.55.173.237
561,Der,Nafzger,dnafzgerfk@gmpg.org,Male,176.88.177.135
562,Adoree,Airth,aairthfl@vkontakte.ru,Female,38.197.135.50
563,Mendie,Champney,mchampneyfm@taobao.com,Male,207.195.18.72
564,Gabriele,Irons,gironsfn@ft.com,Genderqueer,241.199.199.172
565,Avril,Durnin,adurninfo@google.it,Female,76.211.243.129
566,Cameron,Stower,cstowerfp@de.vu,Male,91.166.82.142
567,Pearline,Tampen,ptampenfq@huffingtonpost.com,Female,122.216.145.191
568,Sigismond,Dunnion,sdunnionfr@live.com,Male,135.166.242.86
569,Erastus,Navarro,enavarrofs@hatena.ne.jp,Male,220.158.16.174
570,Alyson,Mount,amountft@elpais.com,Female,42.107.209.232
571,Jocko,Strangeway,jstrangewayfu@accuweather.com,Male,209.147.238.204
572,Blanche,Ricciardi,bricciardifv@jiathis.com,Female,187.80.79.140
573,Sallie,Causon,scausonfw@ed.gov,Genderqueer,215.156.135.224
574,Melva,Toombs,mtoombsfx@is.gd,Female,240.242.96.139
575,Skelly,Wetwood,swetwoodfy@over-blog.com,Male,143.231.164.121
576,Marieann,Pawels,mpawelsfz@hhs.gov,Female,120.8.232.147
577,Zena,Klimsch,zklimschg0@salon.com,Female,132.93.191.124
578,Remus,Del Dello,rdeldellog1@example.com,Male,167.156.207.70
579,Sidney,Kisbey,skisbeyg2@wordpress.org,Male,193.207.95.129
580,Noel,Ivanishchev,nivanishchevg3@indiegogo.com,Male,193.247.232.82
581,Hugibert,Bennough,hbennoughg4@vimeo.com,Male,45.170.161.235
582,Christophe,Maplestone,cmaplestoneg5@list-manage.com,Male,39.185.201.253
583,Morton,Fritter,mfritterg6@hugedomains.com,Male,254.156.82.198
584,Mommy,Butchart,mbutchartg7@alibaba.com,Female,129.44.169.26
585,Mandel,Kerkham,mkerkhamg8@wikia.com,Male,104.151.190.86
586,Cam,Kett,ckettg9@ebay.co.uk,Genderfluid,189.162.78.135
587,Harv,Quilty,hquiltyga@virginia.edu,Male,171.31.153.146
588,Bethina,Muschette,bmuschettegb@biglobe.ne.jp,Female,78.23.18.165
589,Buiron,Dutteridge,bdutteridgegc@nbcnews.com,Male,250.2.226.64
590,Eartha,Belsham,ebelshamgd@springer.com,Female,22.181.238.82
591,Amara,Rymmer,arymmerge@amazon.com,Female,247.151.101.217
592,Vinnie,Blanque,vblanquegf@tumblr.com,Female,56.143.81.214
593,Amery,Degli Antoni,adegliantonigg@tripod.com,Male,208.126.56.90
594,Clayborne,Giovannacci,cgiovannaccigh@reuters.com,Male,192.249.161.143
595,Auberon,Loidl,aloidlgi@exblog.jp,Male,241.171.220.132
596,Lyle,Twigley,ltwigleygj@state.gov,Male,84.119.24.51
597,Vevay,Romanelli,vromanelligk@go.com,Female,93.177.106.40
598,Izaak,Caw,icawgl@wunderground.com,Male,137.110.252.109
599,Roscoe,Wilfing,rwilfinggm@jalbum.net,Male,121.27.237.93
600,Fawnia,Blodgett,fblodgettgn@pbs.org,Female,53.89.232.179
601,Werner,Crawshaw,wcrawshawgo@walmart.com,Male,27.96.47.208
602,Kevon,Epp,keppgp@jigsy.com,Male,80.242.142.202
603,Helyn,Twiname,htwinamegq@go.com,Bigender,211.232.224.244
604,Damaris,Abercromby,dabercrombygr@wikipedia.org,Female,135.113.23.166
605,Lenna,Topping,ltoppinggs@bloglines.com,Female,149.65.49.9
606,Giuditta,Beazey,gbeazeygt@prweb.com,Female,143.46.148.151
607,Clotilda,Tadgell,ctadgellgu@irs.gov,Female,167.105.14.112
608,Odie,Ebrall,oebrallgv@utexas.edu,Male,210.184.39.113
609,Hubey,Lampart,hlampartgw@hibu.com,Male,86.25.227.60
610,Shepherd,Rentoll,srentollgx@shareasale.com,Polygender,64.178.161.197
611,Abbey,Vyse,avysegy@nih.gov,Male,231.191.185.157
612,Carlin,Hurton,churtongz@google.de,Female,187.158.236.65
613,Flory,Curman,fcurmanh0@soup.io,Male,211.152.18.81
614,Toddie,Hickinbottom,thickinbottomh1@taobao.com,Male,51.137.152.212
615,Ivan,Grestye,igrestyeh2@washington.edu,Male,150.17.190.20
616,Edsel,Massy,emassyh3@bravesites.com,Male,141.119.179.223
617,Anselma,Scowcraft,ascowcrafth4@newyorker.com,Female,5.239.54.106
618,Peter,Wetherell,pwetherellh5@marriott.com,Genderqueer,125.25.46.164
619,Arch,Whelpton,awhelptonh6@china.com.cn,Male,122.183.81.141
620,Alameda,De Hoogh,adehooghh7@un.org,Female,92.132.149.38
621,Eugenio,Huc,ehuch8@va.gov,Agender,93.128.38.105
622,Agustin,Gwyneth,agwynethh9@nhs.uk,Male,175.15.124.203
623,Nevile,Skellern,nskellernha@vk.com,Male,210.60.129.95
624,Drusy,Gowrie,dgowriehb@example.com,Female,252.120.207.252
625,Roi,Paulino,rpaulinohc@cdc.gov,Polygender,81.227.91.160
626,Sterne,Heckney,sheckneyhd@amazon.co.jp,Male,107.175.45.116
627,Cozmo,McBean,cmcbeanhe@microsoft.com,Male,54.170.207.101
628,Curran,De Vaar,cdevaarhf@skype.com,Male,122.23.77.174
629,Isobel,Somes,isomeshg@thetimes.co.uk,Female,244.153.119.202
630,Shanta,Sutterfield,ssutterfieldhh@1688.com,Female,91.72.147.46
631,Roanna,Vanyarkin,rvanyarkinhi@csmonitor.com,Female,228.67.201.245
632,Kaitlyn,Duck,kduckhj@elegantthemes.com,Female,118.176.147.116
633,Silvio,McGlew,smcglewhk@storify.com,Male,118.176.82.194
634,Phillis,Yewman,pyewmanhl@com.com,Female,60.98.128.21
635,Josefina,Coley,jcoleyhm@scribd.com,Female,70.230.137.36
636,Sallyann,Gooderson,sgoodersonhn@unicef.org,Female,54.89.202.5
637,Woodie,Cornewall,wcornewallho@ning.com,Male,210.192.84.214
638,Maggi,Pearsey,mpearseyhp@auda.org.au,Non-binary,142.154.92.167
639,Mickie,Dellenbrook,mdellenbrookhq@istockphoto.com,Male,206.120.170.141
640,Patin,Korpolak,pkorpolakhr@zimbio.com,Male,120.234.142.172
641,Cozmo,Dampier,cdampierhs@amazon.com,Male,223.63.52.155
642,Nata,Cissell,ncissellht@salon.com,Female,33.120.73.40
643,Miquela,Warham,mwarhamhu@comcast.net,Female,190.62.78.30
644,Yancy,Clemendot,yclemendothv@google.com,Male,235.230.134.131
645,Elita,Slym,eslymhw@devhub.com,Female,16.179.41.77
646,Edlin,Fairn,efairnhx@pinterest.com,Bigender,53.252.238.205
647,Thedric,Wathan,twathanhy@wisc.edu,Male,147.160.41.220
648,Darby,Terney,dterneyhz@patch.com,Female,46.32.177.171
649,Bailey,Galbreth,bgalbrethi0@nature.com,Male,72.214.10.70
650,Devonne,Corradetti,dcorradettii1@examiner.com,Female,59.117.195.44
651,Jerry,Search,jsearchi2@archive.org,Male,243.138.198.252
652,Mercy,Folke,mfolkei3@liveinternet.ru,Female,155.130.44.1
653,Alfi,Beinisch,abeinischi4@typepad.com,Female,89.108.219.98
654,Blondie,Halladey,bhalladeyi5@wunderground.com,Female,43.101.227.136
655,Lurette,McHan,lmchani6@ameblo.jp,Female,70.69.116.156
656,Abbey,Schulze,aschulzei7@theguardian.com,Female,248.83.127.19
657,Joyous,Ternott,jternotti8@gmpg.org,Female,167.208.214.10
658,Stevena,Gherarducci,sgherarduccii9@cbslocal.com,Female,156.247.157.48
659,Tana,McReidy,tmcreidyia@weather.com,Female,119.168.161.248
660,Hagen,Hanner,hhannerib@wunderground.com,Male,136.193.149.225
661,Arther,Confort,aconfortic@mail.ru,Male,25.248.176.125
662,Rafi,Fuzzard,rfuzzardid@free.fr,Male,49.3.98.74
663,Cullie,Sparke,csparkeie@hubpages.com,Male,223.79.96.149
664,Raeann,Sibbit,rsibbitif@storify.com,Female,142.3.237.149
665,Alfie,Robey,arobeyig@upenn.edu,Genderfluid,1.187.138.111
666,Farr,Ajean,fajeanih@answers.com,Male,147.207.5.88
667,Mathias,Guildford,mguildfordii@ucoz.com,Male,176.248.150.149
668,Tracy,Cosans,tcosansij@chronoengine.com,Male,119.187.6.87
669,Clarine,MacCaffery,cmaccafferyik@istockphoto.com,Female,172.152.33.63
670,Alexandra,Matzke,amatzkeil@bbb.org,Female,6.222.160.22
671,Norton,Vice,nviceim@is.gd,Male,213.194.206.158
672,Christophorus,Hurling,churlingin@archive.org,Male,4.120.56.22
673,Jeramie,Lemoir,jlemoirio@paginegialle.it,Male,117.161.68.127
674,Filberto,Osorio,fosorioip@qq.com,Male,24.78.135.213
675,Kelbee,Cruse,kcruseiq@google.com.br,Male,214.92.1.249
676,Gunar,Norvel,gnorvelir@creativecommons.org,Male,130.56.83.133
677,Lisbeth,Grandin,lgrandinis@senate.gov,Female,239.113.77.46
678,Aylmer,Khomin,akhominit@nba.com,Male,214.112.246.80
679,Trixie,Jorn,tjorniu@alibaba.com,Female,137.81.13.126
680,Arlyne,Mac Giany,amacgianyiv@alibaba.com,Female,104.160.219.216
681,Yulma,Niland,ynilandiw@chron.com,Male,118.10.116.164
682,Angelico,Brash,abrashix@sohu.com,Male,17.108.23.147
683,Shandy,Crampsy,scrampsyiy@abc.net.au,Female,96.51.11.27
684,Nicola,O'Donoghue,nodonoghueiz@histats.com,Male,61.150.101.83
685,Linn,Nevet,lnevetj0@economist.com,Genderfluid,153.44.137.233
686,Natala,Lehrer,nlehrerj1@oracle.com,Female,7.116.27.223
687,Zarla,Binding,zbindingj2@scribd.com,Female,64.212.132.130
688,Almeta,Borlease,aborleasej3@tinyurl.com,Agender,73.225.7.251
689,Quillan,Tulloch,qtullochj4@devhub.com,Male,246.118.241.205
690,Vivie,O'Lochan,volochanj5@istockphoto.com,Genderqueer,240.12.216.106
691,Fowler,Libby,flibbyj6@homestead.com,Male,93.3.16.127
692,Tiffie,Rosenboim,trosenboimj7@a8.net,Female,27.230.34.231
693,Avis,McTeggart,amcteggartj8@discuz.net,Female,135.66.74.248
694,Hadley,Shropshire,hshropshirej9@theglobeandmail.com,Male,184.84.85.173
695,Steve,Harle,sharleja@ibm.com,Male,198.98.150.36
696,Harli,Knotte,hknottejb@tripadvisor.com,Female,74.63.172.235
697,Marlon,Franzini,mfranzinijc@bigcartel.com,Male,216.176.77.136
698,Gertrudis,Jonk,gjonkjd@java.com,Female,255.62.120.243
699,Leodora,Chaffe,lchaffeje@youku.com,Female,186.26.75.59
700,Cassy,Hiddersley,chiddersleyjf@examiner.com,Genderqueer,66.212.70.17
701,Ilyse,Bitcheno,ibitchenojg@msu.edu,Female,178.186.145.249
702,Rosalynd,Hawtrey,rhawtreyjh@economist.com,Female,194.18.162.126
703,Colet,Kleis,ckleisji@printfriendly.com,Male,36.171.197.56
704,Ardine,Mitcham,amitchamjj@linkedin.com,Bigender,16.169.23.5
705,Dorey,Lamberto,dlambertojk@creativecommons.org,Female,203.9.231.123
706,Louis,Challender,lchallenderjl@google.fr,Male,164.66.213.205
707,Jesse,Heymann,jheymannjm@4shared.com,Male,100.60.72.108
708,Bernie,Mattack,bmattackjn@addthis.com,Male,153.165.67.25
709,Deane,Adderson,daddersonjo@goodreads.com,Female,78.249.25.211
710,Zenia,Eriksson,zerikssonjp@house.gov,Female,71.100.119.8
711,Dermot,Ferriday,dferridayjq@scientificamerican.com,Male,203.5.193.152
712,Eada,Pleager,epleagerjr@deviantart.com,Female,129.25.145.77
713,Leonidas,Tees,lteesjs@furl.net,Male,79.48.162.142
714,Darice,Doumer,ddoumerjt@businesswire.com,Female,97.20.204.117
715,Sander,Purrier,spurrierju@csmonitor.com,Male,228.136.229.101
716,Bron,Altamirano,baltamiranojv@aboutads.info,Male,81.235.163.160
717,Rosco,Campling,rcamplingjw@ftc.gov,Male,58.142.164.50
718,Mikol,Skelhorn,mskelhornjx@freewebs.com,Male,0.160.119.204
719,Matthiew,Scurr,mscurrjy@bloglines.com,Male,103.4.233.213
720,Raleigh,Checci,rcheccijz@ehow.com,Male,144.253.83.169
721,Van,Spary,vsparyk0@constantcontact.com,Female,168.33.223.154
722,Lincoln,Griniov,lgriniovk1@nationalgeographic.com,Male,23.171.237.51
723,Pattie,Risbridge,prisbridgek2@unc.edu,Male,179.243.167.255
724,Dino,McVitie,dmcvitiek3@nps.gov,Male,185.213.175.133
725,Jasper,Ham,jhamk4@meetup.com,Male,249.92.137.12
726,Matthus,Orsi,morsik5@technorati.com,Male,107.251.151.47
727,Sile,Codd,scoddk6@boston.com,Female,237.2.20.196
728,Hadlee,Phillput,hphillputk7@feedburner.com,Male,218.60.72.79
729,Venita,Strowger,vstrowgerk8@rambler.ru,Female,1.41.49.160
730,Calv,Mouncher,cmouncherk9@oracle.com,Bigender,48.106.136.230
731,Reynold,Ogus,roguska@google.cn,Male,184.213.130.221
732,Raffarty,Leeming,rleemingkb@multiply.com,Male,132.55.225.136
733,Lorita,Calbrathe,lcalbrathekc@harvard.edu,Female,178.242.0.4
734,Ame,Ferrarini,aferrarinikd@meetup.com,Female,207.122.11.148
735,Shalom,Issacson,sissacsonke@infoseek.co.jp,Male,126.49.233.152
736,Boyd,Harnwell,bharnwellkf@state.gov,Male,120.5.11.181
737,Mariska,Coweuppe,mcoweuppekg@godaddy.com,Female,240.115.71.238
738,Harry,Teers,hteerskh@aol.com,Male,13.175.97.238
739,Giordano,Guerry,gguerryki@mac.com,Male,52.93.49.146
740,Rayner,Baggiani,rbaggianikj@washington.edu,Male,244.57.187.56
741,Edith,Littlecote,elittlecotekk@google.com.hk,Female,21.208.25.60
742,Hattie,Magson,hmagsonkl@guardian.co.uk,Female,21.4.96.254
743,Chris,Kobel,ckobelkm@java.com,Female,235.47.128.136
744,Aldin,Densey,adenseykn@mysql.com,Male,249.156.242.14
745,Harp,Hailwood,hhailwoodko@theguardian.com,Male,156.222.152.59
746,Florence,Orfeur,forfeurkp@cocolog-nifty.com,Female,37.38.219.180
747,Alard,Kaubisch,akaubischkq@bravesites.com,Male,7.245.219.62
748,Edie,Alcorn,ealcornkr@canalblog.com,Female,97.84.18.213
749,Emlynne,Myrick,emyrickks@unc.edu,Genderqueer,185.254.134.162
750,Emyle,Loker,elokerkt@yale.edu,Female,235.146.186.190
751,Perice,Abrahamsohn,pabrahamsohnku@soup.io,Male,235.187.6.65
752,Vincents,Dumbleton,vdumbletonkv@wsj.com,Male,179.240.121.127
753,Gustavo,Almey,galmeykw@businessweek.com,Male,143.246.86.102
754,Trudie,Burling,tburlingkx@multiply.com,Female,134.58.217.235
755,Luise,Lishmund,llishmundky@miitbeian.gov.cn,Female,67.232.161.118
756,Shalna,Cudworth,scudworthkz@creativecommons.org,Female,201.234.124.159
757,Michel,Dragge,mdraggel0@addtoany.com,Male,51.221.20.29
758,Sibbie,Orpin,sorpinl1@github.io,Female,249.212.160.120
759,Eugine,Goggen,egoggenl2@msu.edu,Female,157.179.36.98
760,Vale,Normanvill,vnormanvilll3@wp.com,Male,122.126.17.79
761,Lynde,Gerrett,lgerrettl4@samsung.com,Female,108.150.50.231
762,Eustace,Flukes,eflukesl5@howstuffworks.com,Male,140.33.34.152
763,Filippa,Richin,frichinl6@nifty.com,Female,206.174.213.65
764,Matilde,Peaker,mpeakerl7@nhs.uk,Female,168.252.38.130
765,Dotti,Thalmann,dthalmannl8@weibo.com,Female,207.248.4.212
766,Valentino,De Malchar,vdemalcharl9@acquirethisname.com,Male,198.99.45.87
767,Ingamar,Muro,imurola@telegraph.co.uk,Male,150.220.136.92
768,Sorcha,Leatt,sleattlb@deviantart.com,Female,41.220.183.255
769,Kevina,Matissoff,kmatissofflc@alexa.com,Female,183.55.112.45
770,Marian,Urian,murianld@soundcloud.com,Female,116.151.189.143
771,Brice,Folkerts,bfolkertsle@qq.com,Male,218.83.20.170
772,Mareah,Jordison,mjordisonlf@alibaba.com,Female,29.199.21.156
773,Ondrea,Gilbard,ogilbardlg@economist.com,Female,57.152.168.240
774,Ira,Handling,ihandlinglh@dagondesign.com,Female,81.255.63.71
775,Shayla,Hyde,shydeli@wikia.com,Female,66.167.193.247
776,Hilario,Cappel,hcappellj@elegantthemes.com,Male,193.233.224.22
777,Andras,Gilleson,agillesonlk@squarespace.com,Genderqueer,209.214.37.231
778,Layton,Arniz,larnizll@latimes.com,Male,74.170.130.37
779,Cordell,Malinson,cmalinsonlm@unesco.org,Male,65.51.193.243
780,Orly,Boothebie,oboothebieln@yellowbook.com,Female,75.118.108.133
781,Kimble,Perillo,kperillolo@simplemachines.org,Male,247.22.234.110
782,Wallas,Moro,wmorolp@simplemachines.org,Genderqueer,115.46.35.150
783,Celestina,Muscat,cmuscatlq@netvibes.com,Female,46.211.77.76
784,Anabelle,Kilgannon,akilgannonlr@businessinsider.com,Female,78.133.50.232
785,Olwen,McClements,omcclementsls@alibaba.com,Female,130.80.89.208
786,Kelsey,Garnson,kgarnsonlt@cyberchimps.com,Male,224.97.197.206
787,Nanete,Littrell,nlittrelllu@paypal.com,Female,21.8.9.42
788,Linnet,Vagg,lvagglv@fema.gov,Female,171.174.26.20
789,Michael,Kemmey,mkemmeylw@twitpic.com,Male,179.71.180.95
790,Walker,Stallwood,wstallwoodlx@sciencedaily.com,Male,125.189.15.26
791,Richard,Grund,rgrundly@msu.edu,Male,131.181.228.233
792,Gabriella,Roo,groolz@cargocollective.com,Female,186.66.96.38
793,Jeramie,Riccardelli,jriccardellim0@ehow.com,Male,77.208.151.169
794,Eleanora,Cubbini,ecubbinim1@pinterest.com,Female,61.161.82.234
795,Berry,Grestie,bgrestiem2@fema.gov,Female,202.48.134.191
796,Yuri,Lechmere,ylechmerem3@behance.net,Male,236.193.239.247
797,Rafaela,Goodredge,rgoodredgem4@dedecms.com,Female,80.118.184.149
798,Cristionna,Onion,conionm5@weather.com,Female,37.39.48.76
799,Margy,Guerrier,mguerrierm6@patch.com,Female,174.44.190.165
800,Palmer,Spedding,pspeddingm7@ustream.tv,Male,212.245.211.157
801,Corey,Hemphall,chemphallm8@purevolume.com,Male,133.232.205.10
802,Rosanne,Warhurst,rwarhurstm9@addtoany.com,Female,243.244.175.211
803,Morley,Gladwin,mgladwinma@google.com.hk,Male,73.91.227.121
804,Percival,Floweth,pflowethmb@epa.gov,Male,224.214.202.6
805,Myrilla,Pomroy,mpomroymc@t-online.de,Female,211.91.164.30
806,Dell,Armour,darmourmd@wufoo.com,Non-binary,67.186.170.147
807,Siward,Schulke,sschulkeme@smh.com.au,Male,142.230.9.146
808,Kennett,Schoroder,kschorodermf@techcrunch.com,Male,52.95.37.12
809,Neila,Fairy,nfairymg@fema.gov,Female,154.10.161.17
810,Lon,Hayden,lhaydenmh@cocolog-nifty.com,Male,190.187.107.57
811,Reinhold,Kiehnlt,rkiehnltmi@seattletimes.com,Male,70.175.25.208
812,Salvatore,Curle,scurlemj@amazon.co.uk,Male,110.7.212.125
813,Lilly,Harnes,lharnesmk@ucsd.edu,Female,124.192.129.7
814,Lorianne,Myton,lmytonml@icio.us,Female,55.53.63.240
815,Earvin,Grigoire,egrigoiremm@com.com,Male,98.173.104.117
816,Austen,McGooch,amcgoochmn@ebay.com,Male,180.228.67.36
817,Devon,Leadbeater,dleadbeatermo@businessweek.com,Female,207.237.10.48
818,Clementina,Lange,clangemp@exblog.jp,Female,166.38.243.103
819,Aeriela,Skiggs,askiggsmq@mail.ru,Female,201.157.141.118
820,Cory,Murrigan,cmurriganmr@hp.com,Male,42.82.51.239
821,Ara,Morsey,amorseyms@xing.com,Female,248.229.69.111
822,Foster,Cockney,fcockneymt@census.gov,Non-binary,154.65.235.41
823,Isahella,Hammel,ihammelmu@netlog.com,Female,237.91.244.71
824,Dre,Maruszewski,dmaruszewskimv@foxnews.com,Female,238.46.105.34
825,Sabrina,Biddulph,sbiddulphmw@ehow.com,Female,167.113.17.1
826,Cordula,Dyerson,cdyersonmx@weebly.com,Genderqueer,79.187.116.177
827,Tamra,Worsnap,tworsnapmy@topsy.com,Female,39.46.20.86
828,Yancy,Amer,yamermz@comcast.net,Male,66.44.253.205
829,Ryley,Cutriss,rcutrissn0@army.mil,Male,212.152.167.29
830,Holli,McNally,hmcnallyn1@oakley.com,Polygender,172.38.149.9
831,Flora,Landsborough,flandsboroughn2@stumbleupon.com,Female,153.64.44.230
832,Terrell,Kasman,tkasmann3@dailymail.co.uk,Male,45.159.28.45
833,Janean,Stannering,jstanneringn4@cnn.com,Female,254.115.76.197
834,Kordula,Bake,kbaken5@gov.uk,Female,7.115.253.105
835,Dougie,Capelle,dcapellen6@qq.com,Male,96.95.154.175
836,Tina,Malimoe,tmalimoen7@shutterfly.com,Female,132.167.152.174
837,Marjy,Poncet,mponcetn8@deviantart.com,Female,140.24.76.140
838,Ax,Rudwell,arudwelln9@istockphoto.com,Male,0.211.14.1
839,Tirrell,Dunton,tduntonna@eventbrite.com,Male,57.114.62.86
840,Georgeta,Minshull,gminshullnb@howstuffworks.com,Female,235.63.10.1
841,Fania,Arrol,farrolnc@cnbc.com,Female,30.227.128.197
842,Tawnya,Rosthorn,trosthornnd@mysql.com,Female,61.206.66.13
843,Theodoric,Sommerled,tsommerledne@senate.gov,Male,107.79.123.66
844,Em,Braiden,ebraidennf@skyrock.com,Male,62.28.47.28
845,Issie,Macquire,imacquireng@jigsy.com,Female,115.231.137.138
846,Kin,Beecham,kbeechamnh@mtv.com,Male,195.212.6.34
847,Kelcy,Barthelme,kbarthelmeni@biblegateway.com,Female,209.191.83.111
848,Zorine,Goodlet,zgoodletnj@google.ru,Female,98.194.211.222
849,Adolf,Alvar,aalvarnk@ow.ly,Agender,141.223.217.125
850,Holmes,Keoghan,hkeoghannl@wikia.com,Male,231.215.153.27
851,Birch,Rubbens,brubbensnm@reuters.com,Male,117.3.229.211
852,Adorne,Sibbit,asibbitnn@free.fr,Female,166.225.105.153
853,Olav,Studart,ostudartno@bizjournals.com,Male,72.23.253.205
854,Hussein,Grinston,hgrinstonnp@sitemeter.com,Male,199.219.78.121
855,Niki,Everleigh,neverleighnq@stanford.edu,Male,3.223.27.147
856,Flemming,Greenshields,fgreenshieldsnr@constantcontact.com,Male,161.77.246.36
857,Bat,Hennington,bhenningtonns@springer.com,Male,114.251.138.107
858,Skip,Freezor,sfreezornt@theglobeandmail.com,Male,85.86.222.93
859,Hal,Taberner,htabernernu@google.cn,Male,85.191.9.217
860,Camilla,O'Feeny,cofeenynv@alexa.com,Female,138.202.45.71
861,Pippa,Cullivan,pcullivannw@nps.gov,Female,53.3.218.56
862,Winna,Hucker,whuckernx@wisc.edu,Female,232.56.212.54
863,Jess,Soans,jsoansny@ucsd.edu,Male,81.72.134.38
864,Shalne,Palluschek,spalluscheknz@answers.com,Agender,156.242.4.43
865,Cyndia,Fine,cfineo0@privacy.gov.au,Female,54.16.110.214
866,Floris,Hake,fhakeo1@skyrock.com,Female,72.179.69.175
867,Drucie,Heater,dheatero2@mit.edu,Female,145.123.96.149
868,Jeddy,Muttitt,jmuttitto3@goo.gl,Male,167.117.43.216
869,Con,Fawssett,cfawssetto4@themeforest.net,Male,171.211.101.85
870,Kissiah,Moorman,kmoormano5@de.vu,Female,250.171.59.213
871,Mirabelle,Fairs,mfairso6@marketwatch.com,Agender,211.146.130.106
872,Charmian,Minards,cminardso7@illinois.edu,Female,203.92.208.94
873,Olav,Howell,ohowello8@ebay.com,Male,219.30.23.235
874,Lilly,Mangon,lmangono9@psu.edu,Female,93.221.198.201
875,Darius,Popple,dpoppleoa@mit.edu,Male,151.37.77.215
876,Aldous,Hayles,ahaylesob@feedburner.com,Male,229.163.236.131
877,Carmine,Gregg,cgreggoc@xinhuanet.com,Male,179.182.90.21
878,Herschel,O'Criane,hocrianeod@ucoz.ru,Male,56.249.218.159
879,Angelina,Charlson,acharlsonoe@shop-pro.jp,Female,156.227.10.57
880,Flint,Mattiazzo,fmattiazzoof@reverbnation.com,Male,187.252.226.116
881,Myron,Sliman,mslimanog@microsoft.com,Male,165.55.125.63
882,Joseito,Ravenscraft,jravenscraftoh@squarespace.com,Male,13.227.192.65
883,Garrott,Bennit,gbennitoi@wsj.com,Male,173.238.119.224
884,Clerkclaude,Gueste,cguesteoj@webs.com,Polygender,174.145.182.15
885,Leroi,Barnwall,lbarnwallok@jimdo.com,Male,115.143.9.159
886,Adriano,Braunston,abraunstonol@storify.com,Male,104.112.41.162
887,Shelton,Catchpole,scatchpoleom@free.fr,Male,230.233.156.69
888,Reilly,Pitney,rpitneyon@wix.com,Male,96.150.238.45
889,Ferdinande,Yannoni,fyannonioo@nytimes.com,Female,112.211.108.60
890,Veronique,Gilligan,vgilliganop@bigcartel.com,Female,105.21.168.208
891,Witty,Towsey,wtowseyoq@sitemeter.com,Male,6.57.217.116
892,Augusto,Lidbetter,alidbetteror@cnbc.com,Male,115.8.130.83
893,Tamqrah,Strothers,tstrothersos@usnews.com,Genderfluid,222.252.119.205
894,Evelin,Kennedy,ekennedyot@cam.ac.uk,Male,9.214.143.85
895,Terry,Braney,tbraneyou@arstechnica.com,Male,136.99.35.150
896,Jaine,Krysztofiak,jkrysztofiakov@yelp.com,Female,226.88.85.80
897,Shalna,Trusslove,strussloveow@canalblog.com,Female,66.154.231.23
898,Juline,Croci,jcrociox@istockphoto.com,Female,21.59.191.123
899,Raimundo,Tolomei,rtolomeioy@eepurl.com,Male,113.53.231.195
900,Winny,Goodale,wgoodaleoz@prnewswire.com,Female,97.235.29.115
901,Diandra,Klasen,dklasenp0@utexas.edu,Female,24.129.101.51
902,Marti,Casford,mcasfordp1@google.cn,Female,20.66.177.206
903,Goldia,Dexter,gdexterp2@sbwire.com,Female,71.201.103.49
904,Gladi,Harrow,gharrowp3@rambler.ru,Female,223.101.57.161
905,Arda,Kiffin,akiffinp4@huffingtonpost.com,Female,237.66.89.76
906,Yorgos,Mashal,ymashalp5@sun.com,Male,63.168.244.187
907,Avie,Rosenau,arosenaup6@last.fm,Female,85.75.193.189
908,Jamal,Rockhall,jrockhallp7@ow.ly,Male,0.116.204.177
909,Minetta,Rettie,mrettiep8@google.com.au,Female,51.242.151.191
910,Garvin,Gristock,ggristockp9@acquirethisname.com,Male,240.202.247.153
911,Janek,Falkner,jfalknerpa@t-online.de,Male,195.138.144.227
912,Terry,Geharke,tgeharkepb@go.com,Male,246.236.108.251
913,Gertrudis,Byrom,gbyrompc@goodreads.com,Female,0.88.218.255
914,Nolly,Colbron,ncolbronpd@bing.com,Male,199.147.96.43
915,Tully,McGooch,tmcgoochpe@so-net.ne.jp,Male,34.181.104.161
916,Starlene,Morteo,smorteopf@prnewswire.com,Polygender,177.105.130.32
917,Gaile,Fluck,gfluckpg@netvibes.com,Male,125.132.185.106
918,Antonetta,Dorant,adorantph@paypal.com,Female,132.227.78.229
919,Kalle,Hamflett,khamflettpi@google.it,Male,44.37.0.126
920,Sylvan,Brecknock,sbrecknockpj@ow.ly,Male,31.90.6.199
921,Elwyn,Goodley,egoodleypk@meetup.com,Male,21.232.197.128
922,Cyrillus,Wigmore,cwigmorepl@homestead.com,Male,144.84.85.63
923,Colan,Lamkin,clamkinpm@apple.com,Male,189.226.186.206
924,Paquito,Muino,pmuinopn@4shared.com,Male,111.176.79.124
925,Marlowe,Raimbauld,mraimbauldpo@japanpost.jp,Male,212.71.78.193
926,Rand,Neilus,rneiluspp@wp.com,Male,139.0.121.162
927,Casey,Olman,colmanpq@tmall.com,Female,27.167.103.176
928,Fiann,Holdey,fholdeypr@icio.us,Female,102.247.158.166
929,Corrianne,Ewan,cewanps@yolasite.com,Female,115.249.92.108
930,Devon,Alvarado,dalvaradopt@google.cn,Female,229.151.196.197
931,Rufe,Soloway,rsolowaypu@intel.com,Male,41.45.152.99
932,Pate,Strephan,pstrephanpv@theatlantic.com,Male,147.60.227.5
933,Nicki,Muslim,nmuslimpw@wordpress.com,Female,64.146.12.125
934,Nadya,Albutt,nalbuttpx@chronoengine.com,Bigender,102.136.7.205
935,Aurora,Cattow,acattowpy@imdb.com,Female,32.169.141.246
936,Cesya,Millership,cmillershippz@samsung.com,Female,85.150.179.176
937,Jarred,Candey,jcandeyq0@telegraph.co.uk,Male,9.226.80.223
938,Markos,Lyenyng,mlyenyngq1@omniture.com,Non-binary,140.65.126.53
939,Daniela,Dundredge,ddundredgeq2@blog.com,Female,8.160.213.242
940,Basia,Peirone,bpeironeq3@google.pl,Female,94.108.173.147
941,Sherwood,Pye,spyeq4@cyberchimps.com,Male,24.106.189.5
942,Val,Sweett,vsweettq5@multiply.com,Female,254.227.215.204
943,Manuel,Goulden,mgouldenq6@bloglines.com,Male,125.165.223.161
944,Elset,Agronski,eagronskiq7@naver.com,Female,154.212.110.221
945,Orel,Lugton,olugtonq8@imdb.com,Polygender,49.191.129.55
946,Morse,Killerby,mkillerbyq9@friendfeed.com,Male,40.39.87.141
947,Westbrook,Itzkovwitch,witzkovwitchqa@google.com.br,Male,241.170.243.133
948,Phillis,Ferne,pferneqb@time.com,Female,94.144.121.34
949,Cherey,Panther,cpantherqc@go.com,Female,85.143.157.20
950,Stephanus,Shrieve,sshrieveqd@nydailynews.com,Male,218.157.122.38
951,Del,Pollastro,dpollastroqe@nps.gov,Male,249.43.177.5
952,Noni,Keeffe,nkeeffeqf@miibeian.gov.cn,Female,51.92.57.41
953,Lewes,Klassmann,lklassmannqg@samsung.com,Male,93.68.254.161
954,Cherise,Frances,cfrancesqh@bing.com,Female,39.28.51.64
955,Fernande,Witts,fwittsqi@adobe.com,Female,24.198.183.29
956,Corri,Tivnan,ctivnanqj@cnbc.com,Female,22.133.74.206
957,Arni,Mattimoe,amattimoeqk@linkedin.com,Male,194.224.156.230
958,Romola,Scotford,rscotfordql@usgs.gov,Female,138.33.221.167
959,Clemens,Smartman,csmartmanqm@drupal.org,Male,154.161.30.103
960,Clarita,Chellam,cchellamqn@nyu.edu,Female,203.239.20.95
961,Titos,MacCulloch,tmaccullochqo@vk.com,Male,66.241.206.213
962,Evaleen,Titcombe,etitcombeqp@seattletimes.com,Non-binary,160.166.217.190
963,Leslie,McGhee,lmcgheeqq@cnn.com,Male,213.193.48.248
964,Jordan,Cescoti,jcescotiqr@cocolog-nifty.com,Male,26.19.10.90
965,Ronica,Haskell,rhaskellqs@nymag.com,Non-binary,129.227.112.156
966,Kimberley,Dallinder,kdallinderqt@wired.com,Female,96.122.227.235
967,Arleyne,Yurchishin,ayurchishinqu@fotki.com,Female,75.236.197.140
968,Cristie,Mateo,cmateoqv@ameblo.jp,Female,75.149.201.225
969,Horatius,Thomann,hthomannqw@fastcompany.com,Male,195.235.201.145
970,Ali,Gotcher,agotcherqx@indiatimes.com,Male,198.100.212.88
971,Hal,Mersey,hmerseyqy@ameblo.jp,Genderfluid,110.251.8.77
972,Nolan,McIlreavy,nmcilreavyqz@scribd.com,Male,124.155.12.242
973,Ambrosius,Fowles,afowlesr0@unblog.fr,Male,242.221.110.241
974,Filberto,Peatt,fpeattr1@privacy.gov.au,Male,154.243.72.201
975,Jase,Harvey,jharveyr2@phoca.cz,Male,247.198.118.44
976,Vladamir,Georgot,vgeorgotr3@nih.gov,Male,92.22.140.192
977,Norbie,Pretty,nprettyr4@java.com,Male,131.143.131.209
978,Clem,Pegler,cpeglerr5@yellowpages.com,Female,190.173.129.75
979,Federico,McManamen,fmcmanamenr6@twitpic.com,Male,51.128.134.4
980,Vladimir,Armfirld,varmfirldr7@topsy.com,Male,1.24.211.101
981,Justinian,Penhalewick,jpenhalewickr8@4shared.com,Male,126.20.130.110
982,Herminia,Lowden,hlowdenr9@eepurl.com,Female,107.177.50.62
983,Belinda,Cottem,bcottemra@desdev.cn,Non-binary,253.95.175.11
984,Shelden,Bellison,sbellisonrb@blinklist.com,Male,226.230.50.149
985,Leland,Matfield,lmatfieldrc@list-manage.com,Female,67.105.182.142
986,Emilio,MacCallister,emaccallisterrd@chron.com,Male,137.16.18.40
987,Pollyanna,Pile,ppilere@dailymotion.com,Bigender,38.5.229.168
988,Bernadina,Aughtie,baughtierf@miibeian.gov.cn,Female,251.142.146.83
989,Carolina,Lidgard,clidgardrg@skyrock.com,Female,15.83.186.69
990,Mallory,Fettis,mfettisrh@dell.com,Male,186.194.241.237
991,Harrison,Street,hstreetri@wordpress.org,Male,69.22.239.32
992,Florette,Newell,fnewellrj@pcworld.com,Female,215.63.243.199
993,Magnum,Gratton,mgrattonrk@miibeian.gov.cn,Male,246.73.69.108
994,Griselda,Wragge,gwraggerl@boston.com,Female,230.155.106.16
995,Borg,Top,btoprm@java.com,Male,131.145.54.59
996,Lindsay,Drinkall,ldrinkallrn@msu.edu,Male,154.151.209.51
997,Fredric,MacArdle,fmacardlero@ehow.com,Male,207.240.123.122
998,Nickie,Simacek,nsimacekrp@spiegel.de,Male,9.157.242.85
999,Chloe,Willatt,cwillattrq@china.com.cn,Female,217.50.148.227
1000,Concordia,Norrington,cnorringtonrr@mlb.com,Female,129.186.51.149
